{"type": "FeatureCollection", "features": [{"type": "Feature", "geometry": {"type": "MultiPolygon", "coordinates": [[[[-146.56996, 61.016828], [-146.569084, 61.01751], [-146.568074, 61.018148], [-146.566938, 61.018735], [-146.565689, 61.019266], [-146.564337, 61.019735], [-146.562897, 61.020138], [-146.561412, 61.020464], [-146.561231, 61.020406], [-146.56112, 61.020406], [-146.561064, 61.020432], [-146.561007, 61.020495], [-146.560975, 61.020538], [-146.560114, 61.02068], [-146.559714, 61.020392], [-146.559458, 61.020185], [-146.559294, 61.019987], [-146.559056, 61.019815], [-146.558763, 61.019635], [-146.558414, 61.019436], [-146.556738, 61.018829], [-146.556112, 61.018675], [-146.55543, 61.018502], [-146.554361, 61.01822], [-146.553753, 61.018048], [-146.553292, 61.01792], [-146.552831, 61.017802], [-146.552629, 61.017748], [-146.550967, 61.017491], [-146.550543, 61.0174], [-146.5501, 61.017317], [-146.549566, 61.017154], [-146.549106, 61.017], [-146.54789, 61.016664], [-146.545566, 61.016162], [-146.545216, 61.016071], [-146.542743, 61.015641], [-146.542412, 61.015523], [-146.542302, 61.015433], [-146.542155, 61.01537], [-146.541934, 61.015324], [-146.541583, 61.015278], [-146.541196, 61.015196], [-146.54092, 61.015105], [-146.540534, 61.01496], [-146.539887, 61.014886], [-146.538629, 61.014909], [-146.538074, 61.014934], [-146.536242, 61.014937], [-146.536095, 61.014892], [-146.535985, 61.014828], [-146.535949, 61.014756], [-146.535987, 61.014658], [-146.536081, 61.014586], [-146.536304, 61.014497], [-146.536677, 61.01431], [-146.536679, 61.014202], [-146.536551, 61.014094], [-146.535854, 61.013634], [-146.535595, 61.013633], [-146.535171, 61.013587], [-146.534821, 61.013487], [-146.534434, 61.01336], [-146.534103, 61.01326], [-146.533624, 61.013132], [-146.533182, 61.013023], [-146.532203, 61.012894], [-146.530411, 61.012727], [-146.530005, 61.012725], [-146.529782, 61.012733], [-146.529523, 61.01275], [-146.529319, 61.012794], [-146.528503, 61.012926], [-146.528429, 61.012944], [-146.528282, 61.012908], [-146.528116, 61.012853], [-146.528061, 61.012799], [-146.528026, 61.012709], [-146.528008, 61.012664], [-146.528027, 61.01261], [-146.527956, 61.012449], [-146.527827, 61.012376], [-146.527644, 61.012304], [-146.52744, 61.012321], [-146.526514, 61.012417], [-146.526366, 61.01238], [-146.526126, 61.012362], [-146.525942, 61.012307], [-146.525795, 61.012262], [-146.525555, 61.012216], [-146.525296, 61.012188], [-146.525233, 61.012172], [-146.525192, 61.012115], [-146.524811, 61.011334], [-146.52459, 61.010538], [-146.524574, 61.01032], [-146.523617, 61.01053], [-146.522041, 61.010789], [-146.521736, 61.010824], [-146.521804, 61.010748], [-146.521936, 61.010515], [-146.521772, 61.010398], [-146.521459, 61.01028], [-146.520705, 61.010017], [-146.520079, 61.009862], [-146.519636, 61.009762], [-146.519249, 61.009671], [-146.517702, 61.009271], [-146.517315, 61.009188], [-146.516723, 61.009186], [-146.51565, 61.009183], [-146.514301, 61.009097], [-146.513656, 61.009023], [-146.513175, 61.008994], [-146.512769, 61.008966], [-146.512197, 61.008892], [-146.510683, 61.00868], [-146.510168, 61.008544], [-146.508213, 61.008204], [-146.506756, 61.007894], [-146.505798, 61.007666], [-146.504212, 61.007355], [-146.503751, 61.007291], [-146.503326, 61.007262], [-146.502927, 61.007223], [-146.502274, 61.00668], [-146.501584, 61.00595], [-146.501046, 61.005191], [-146.500665, 61.00441], [-146.500446, 61.003614], [-146.500388, 61.002813], [-146.500495, 61.002012], [-146.500763, 61.00122], [-146.501191, 61.000445], [-146.501657, 60.999846], [-146.502148, 60.999878], [-146.502499, 60.99987], [-146.502887, 60.999854], [-146.503537, 60.999721], [-146.503835, 60.999579], [-146.504998, 60.999691], [-146.50533, 60.999692], [-146.505626, 60.99972], [-146.506014, 60.999739], [-146.507253, 60.999735], [-146.507678, 60.999718], [-146.508085, 60.99972], [-146.50991, 61.000067], [-146.510204, 61.000167], [-146.510535, 61.000285], [-146.511763, 61.000981], [-146.512204, 61.001189], [-146.512459, 61.001414], [-146.512697, 61.001559], [-146.512973, 61.001622], [-146.51325, 61.001659], [-146.513508, 61.001741], [-146.513654, 61.001832], [-146.513838, 61.001913], [-146.51404, 61.001976], [-146.515478, 61.00226], [-146.516455, 61.00247], [-146.516934, 61.002552], [-146.517229, 61.002652], [-146.51776, 61.002986], [-146.517888, 61.003085], [-146.517997, 61.003185], [-146.51818, 61.003329], [-146.518602, 61.003546], [-146.518768, 61.003591], [-146.518933, 61.00369], [-146.519024, 61.003781], [-146.519134, 61.003853], [-146.519706, 61.003927], [-146.519873, 61.003882], [-146.520095, 61.003865], [-146.521367, 61.004139], [-146.521643, 61.004212], [-146.521993, 61.00433], [-146.52247, 61.004529], [-146.522893, 61.004692], [-146.52328, 61.00481], [-146.523574, 61.004892], [-146.523888, 61.004947], [-146.524201, 61.004993], [-146.524422, 61.005065], [-146.524588, 61.005138], [-146.524809, 61.005183], [-146.525234, 61.005185], [-146.525493, 61.005168], [-146.525771, 61.005169], [-146.526433, 61.005422], [-146.526672, 61.005495], [-146.526967, 61.005568], [-146.527318, 61.00556], [-146.527558, 61.00557], [-146.528219, 61.005922], [-146.528459, 61.005977], [-146.528661, 61.006005], [-146.52905, 61.006006], [-146.529765, 61.006422], [-146.530022, 61.006557], [-146.530262, 61.006612], [-146.5305, 61.006729], [-146.530627, 61.006873], [-146.530736, 61.00699], [-146.531012, 61.007099], [-146.531251, 61.007172], [-146.53149, 61.007289], [-146.532113, 61.007722], [-146.532388, 61.007858], [-146.532756, 61.007958], [-146.533032, 61.008067], [-146.53425, 61.008268], [-146.534878, 61.008342], [-146.535376, 61.008389], [-146.536523, 61.008402], [-146.537225, 61.008422], [-146.53752, 61.008486], [-146.537833, 61.008604], [-146.538146, 61.008677], [-146.538533, 61.008776], [-146.538865, 61.00885], [-146.539216, 61.008878], [-146.539529, 61.008933], [-146.539787, 61.009032], [-146.540594, 61.009502], [-146.540888, 61.009619], [-146.541164, 61.009701], [-146.541515, 61.009747], [-146.543581, 61.010122], [-146.544263, 61.010277], [-146.544761, 61.010396], [-146.54524, 61.010496], [-146.545627, 61.010623], [-146.54581, 61.010722], [-146.546011, 61.010858], [-146.546214, 61.010975], [-146.546379, 61.011029], [-146.546582, 61.011075], [-146.54684, 61.01113], [-146.548464, 61.011359], [-146.550421, 61.011635], [-146.550993, 61.011691], [-146.551344, 61.011719], [-146.551769, 61.011747], [-146.552027, 61.011829], [-146.552064, 61.011838], [-146.552193, 61.01191], [-146.552229, 61.011928], [-146.55245, 61.012001], [-146.552487, 61.01201], [-146.552912, 61.012038], [-146.553227, 61.012012], [-146.553264, 61.012013], [-146.553578, 61.012022], [-146.553615, 61.012023], [-146.553818, 61.012059], [-146.553855, 61.012077], [-146.554057, 61.01215], [-146.555086, 61.012692], [-146.556116, 61.01309], [-146.556465, 61.013208], [-146.556741, 61.013335], [-146.557127, 61.013506], [-146.558692, 61.014059], [-146.5593, 61.014223], [-146.559688, 61.014278], [-146.560187, 61.014288], [-146.560464, 61.01428], [-146.560873, 61.014192], [-146.561169, 61.014166], [-146.561556, 61.01423], [-146.562901, 61.014692], [-146.563343, 61.014756], [-146.563732, 61.014776], [-146.564028, 61.014741], [-146.564232, 61.014696], [-146.56451, 61.014652], [-146.564806, 61.014653], [-146.566313, 61.015385], [-146.566533, 61.015503], [-146.566679, 61.01562], [-146.566714, 61.015764], [-146.566713, 61.015889], [-146.566803, 61.016042], [-146.566969, 61.016106], [-146.568116, 61.016091], [-146.568504, 61.016075], [-146.568819, 61.016093], [-146.569151, 61.016148], [-146.56952, 61.016248], [-146.570309, 61.016485], [-146.56996, 61.016828]], [[-146.502519, 61.000947], [-146.502554, 61.001038], [-146.503327, 61.001292], [-146.503568, 61.001284], [-146.503921, 61.00115], [-146.503904, 61.001078], [-146.503775, 61.001006], [-146.503148, 61.000905], [-146.502613, 61.000867], [-146.502519, 61.000947]], [[-146.542536, 61.014617], [-146.542499, 61.014671], [-146.542534, 61.01477], [-146.543101, 61.015175], [-146.543304, 61.015248], [-146.54358, 61.015339], [-146.544339, 61.015278], [-146.544322, 61.015188], [-146.544103, 61.014972], [-146.54381, 61.014783], [-146.543643, 61.014773], [-146.543182, 61.014718], [-146.542685, 61.014572], [-146.542592, 61.014572], [-146.542536, 61.014617]]], [[[-146.573911, 61.035101], [-146.574133, 61.035896], [-146.574192, 61.036698], [-146.574107, 61.03735], [-146.572252, 61.03732], [-146.57177, 61.037364], [-146.571566, 61.037417], [-146.571287, 61.037479], [-146.570468, 61.037808], [-146.570042, 61.037888], [-146.569504, 61.037913], [-146.56906, 61.03793], [-146.566262, 61.038145], [-146.565614, 61.038143], [-146.56491, 61.038132], [-146.564263, 61.03813], [-146.562413, 61.038061], [-146.561857, 61.038059], [-146.561413, 61.038085], [-146.560691, 61.038074], [-146.557749, 61.037974], [-146.555898, 61.037951], [-146.55538, 61.037958], [-146.554973, 61.037956], [-146.553863, 61.037899], [-146.553604, 61.037871], [-146.553327, 61.037843], [-146.553124, 61.037789], [-146.552977, 61.037743], [-146.552848, 61.037653], [-146.552775, 61.037599], [-146.552757, 61.037572], [-146.552741, 61.037384], [-146.552742, 61.037365], [-146.553114, 61.037196], [-146.553897, 61.036795], [-146.553953, 61.03675], [-146.553954, 61.036687], [-146.553863, 61.036561], [-146.553753, 61.036471], [-146.553719, 61.036282], [-146.554648, 61.036007], [-146.554908, 61.035936], [-146.555168, 61.035883], [-146.555447, 61.035821], [-146.556098, 61.035581], [-146.556304, 61.035429], [-146.556491, 61.035241], [-146.556661, 61.035044], [-146.557148, 61.034606], [-146.557464, 61.034553], [-146.557834, 61.034554], [-146.558037, 61.034581], [-146.559678, 61.035045], [-146.559937, 61.035081], [-146.560232, 61.0351], [-146.560603, 61.035084], [-146.560807, 61.035057], [-146.560919, 61.034986], [-146.561998, 61.034567], [-146.562442, 61.034578], [-146.56283, 61.034633], [-146.56331, 61.034733], [-146.563753, 61.034833], [-146.564196, 61.034906], [-146.564565, 61.03498], [-146.564916, 61.035026], [-146.566026, 61.035065], [-146.566378, 61.035066], [-146.568618, 61.035019], [-146.568877, 61.035011], [-146.569211, 61.03494], [-146.570065, 61.034817], [-146.570491, 61.034765], [-146.57088, 61.034721], [-146.571435, 61.034705], [-146.571824, 61.034715], [-146.573528, 61.034657], [-146.57368, 61.03463], [-146.573911, 61.035101]]], [[[-146.627621, 61.027314], [-146.626372, 61.027845], [-146.625021, 61.028315], [-146.623581, 61.028718], [-146.622066, 61.029052], [-146.62049, 61.029312], [-146.618869, 61.029497], [-146.617217, 61.029604], [-146.615552, 61.029633], [-146.613889, 61.029584], [-146.612244, 61.029456], [-146.610634, 61.02925], [-146.609072, 61.02897], [-146.607576, 61.028618], [-146.606158, 61.028196], [-146.604833, 61.02771], [-146.603613, 61.027163], [-146.602511, 61.026562], [-146.601536, 61.025911], [-146.600698, 61.025218], [-146.600162, 61.024651], [-146.600583, 61.024692], [-146.601359, 61.024775], [-146.603409, 61.025095], [-146.604167, 61.025134], [-146.604685, 61.025153], [-146.605407, 61.025119], [-146.606036, 61.025076], [-146.606425, 61.02505], [-146.606778, 61.02497], [-146.607168, 61.024855], [-146.608025, 61.024364], [-146.608156, 61.02422], [-146.608269, 61.024095], [-146.608325, 61.023978], [-146.608273, 61.023762], [-146.608238, 61.023556], [-146.60784, 61.022881], [-146.60764, 61.022558], [-146.607458, 61.022297], [-146.607332, 61.022072], [-146.607316, 61.021811], [-146.607226, 61.021632], [-146.607099, 61.021443], [-146.606624, 61.020939], [-146.605332, 61.019148], [-146.60539, 61.019022], [-146.605483, 61.01896], [-146.606134, 61.018656], [-146.606376, 61.018559], [-146.606544, 61.018478], [-146.606877, 61.018398], [-146.6071, 61.018372], [-146.607303, 61.018364], [-146.607931, 61.018491], [-146.608171, 61.018555], [-146.61014, 61.019341], [-146.610397, 61.019477], [-146.610507, 61.019558], [-146.610654, 61.019684], [-146.610726, 61.019801], [-146.610689, 61.019864], [-146.610407, 61.020177], [-146.610351, 61.020267], [-146.610349, 61.020437], [-146.610403, 61.020536], [-146.610457, 61.020653], [-146.610585, 61.02077], [-146.610695, 61.020842], [-146.610916, 61.020924], [-146.611525, 61.021078], [-146.611654, 61.021106], [-146.611931, 61.021169], [-146.612079, 61.021196], [-146.612356, 61.021215], [-146.612615, 61.021243], [-146.613706, 61.021273], [-146.614131, 61.021256], [-146.61452, 61.021239], [-146.614816, 61.021258], [-146.615906, 61.021369], [-146.616202, 61.021397], [-146.616478, 61.02146], [-146.618504, 61.022292], [-146.61867, 61.022346], [-146.619296, 61.022599], [-146.619921, 61.022897], [-146.620399, 61.023177], [-146.620766, 61.023429], [-146.621113, 61.023816], [-146.621571, 61.024168], [-146.621902, 61.024393], [-146.622178, 61.024511], [-146.622435, 61.024628], [-146.622637, 61.024755], [-146.622857, 61.024944], [-146.623095, 61.025205], [-146.623589, 61.025691], [-146.624266, 61.026267], [-146.624579, 61.026448], [-146.62504, 61.026602], [-146.625371, 61.026737], [-146.62574, 61.026828], [-146.626091, 61.026883], [-146.626497, 61.026938], [-146.627038, 61.027092], [-146.627967, 61.027134], [-146.627621, 61.027314]]]]}, "properties": {"rule": "5 AAC 24.350(3)(U) Jack Bay \u2014 1000yd stream buffers", "n_streams": 5, "yards": 1000, "kind": "stream"}}, {"type": "Feature", "geometry": {"type": "MultiPolygon", "coordinates": [[[[-146.954686, 61.024627], [-146.955103, 61.023851], [-146.955677, 61.023097], [-146.956401, 61.022375], [-146.957269, 61.02169], [-146.958271, 61.021049], [-146.9594, 61.020459], [-146.960643, 61.019925], [-146.960679, 61.019912], [-146.960688, 61.019935], [-146.960964, 61.020146], [-146.961231, 61.020313], [-146.961241, 61.020461], [-146.961145, 61.020586], [-146.96094, 61.020833], [-146.960916, 61.02113], [-146.961211, 61.021412], [-146.961192, 61.021538], [-146.961487, 61.02183], [-146.961797, 61.02165], [-146.962012, 61.021597], [-146.96224, 61.021633], [-146.962559, 61.021646], [-146.962896, 61.02157], [-146.963295, 61.021516], [-146.963877, 61.021485], [-146.964121, 61.021552], [-146.964406, 61.021696], [-146.964699, 61.02205], [-146.964782, 61.02227], [-146.964944, 61.022473], [-146.965002, 61.022585], [-146.965348, 61.022746], [-146.965499, 61.022805], [-146.965957, 61.022818], [-146.966403, 61.022742], [-146.966791, 61.022643], [-146.967148, 61.022536], [-146.967476, 61.022392], [-146.967833, 61.022266], [-146.968272, 61.022123], [-146.968658, 61.022033], [-146.969073, 61.021894], [-146.96937, 61.021692], [-146.969691, 61.021454], [-146.969957, 61.021284], [-146.970186, 61.021158], [-146.970345, 61.02105], [-146.970593, 61.020929], [-146.970736, 61.020812], [-146.970801, 61.020723], [-146.97075, 61.020556], [-146.970467, 61.020561], [-146.970076, 61.020606], [-146.969806, 61.020588], [-146.969617, 61.020476], [-146.969625, 61.020341], [-146.969992, 61.020224], [-146.970085, 61.020161], [-146.970346, 61.020027], [-146.970488, 61.019861], [-146.97064, 61.01982], [-146.971059, 61.01978], [-146.971326, 61.019838], [-146.971643, 61.019879], [-146.971811, 61.019865], [-146.972145, 61.019883], [-146.972524, 61.019901], [-146.972692, 61.019915], [-146.972856, 61.020009], [-146.972789, 61.020081], [-146.972552, 61.020202], [-146.972394, 61.020292], [-146.972279, 61.020453], [-146.972406, 61.020638], [-146.972696, 61.020682], [-146.972929, 61.020606], [-146.973176, 61.02057], [-146.973411, 61.020498], [-146.973617, 61.020386], [-146.973762, 61.020256], [-146.973906, 61.020157], [-146.974092, 61.020126], [-146.974201, 61.020121], [-146.974367, 61.020171], [-146.97444, 61.020256], [-146.974618, 61.02035], [-146.974974, 61.020328], [-146.975228, 61.020207], [-146.97537, 61.020171], [-146.975666, 61.020122], [-146.975916, 61.020059], [-146.976412, 61.019924], [-146.976552, 61.01987], [-146.976779, 61.019911], [-146.977186, 61.02005], [-146.977522, 61.020068], [-146.97771, 61.019969], [-146.97783, 61.020027], [-146.977993, 61.02018], [-146.977959, 61.020324], [-146.977769, 61.020503], [-146.977564, 61.020665], [-146.977465, 61.020826], [-146.977272, 61.021042], [-146.976879, 61.021239], [-146.976277, 61.021302], [-146.97572, 61.021396], [-146.975223, 61.021576], [-146.974801, 61.021832], [-146.974335, 61.021998], [-146.973718, 61.022061], [-146.973191, 61.022231], [-146.972759, 61.022307], [-146.972403, 61.022402], [-146.971965, 61.022684], [-146.971622, 61.022864], [-146.971231, 61.023129], [-146.970948, 61.023367], [-146.970803, 61.023623], [-146.970737, 61.023815], [-146.970745, 61.024058], [-146.97091, 61.024206], [-146.971014, 61.024323], [-146.970931, 61.02452], [-146.970896, 61.024677], [-146.970801, 61.02479], [-146.970647, 61.024794], [-146.970448, 61.024803], [-146.970247, 61.024825], [-146.970182, 61.024969], [-146.970255, 61.025095], [-146.970468, 61.025158], [-146.970592, 61.025108], [-146.970808, 61.025086], [-146.970977, 61.025086], [-146.971283, 61.025117], [-146.971683, 61.025113], [-146.972189, 61.025131], [-146.972745, 61.025014], [-146.973537, 61.024758], [-146.974065, 61.024579], [-146.974967, 61.02426], [-146.976145, 61.023973], [-146.976845, 61.023704], [-146.977406, 61.023497], [-146.977983, 61.023277], [-146.978637, 61.023044], [-146.979088, 61.0229], [-146.979554, 61.022811], [-146.979959, 61.022712], [-146.980241, 61.022564], [-146.980245, 61.022416], [-146.980219, 61.022227], [-146.980407, 61.022092], [-146.980625, 61.022039], [-146.980796, 61.022007], [-146.98111, 61.021859], [-146.98136, 61.021778], [-146.982035, 61.021576], [-146.982301, 61.021504], [-146.982711, 61.02137], [-146.982774, 61.02132], [-146.982697, 61.021289], [-146.982447, 61.021307], [-146.982168, 61.021258], [-146.982175, 61.021038], [-146.982493, 61.020822], [-146.982732, 61.020678], [-146.982763, 61.020647], [-146.983094, 61.020481], [-146.983184, 61.02045], [-146.983404, 61.020548], [-146.984513, 61.021146], [-146.985154, 61.021569], [-146.984781, 61.021689], [-146.984545, 61.021747], [-146.984124, 61.021756], [-146.983953, 61.021702], [-146.983923, 61.021626], [-146.983706, 61.021581], [-146.983377, 61.021612], [-146.982792, 61.021841], [-146.982195, 61.022034], [-146.981629, 61.022268], [-146.981112, 61.022514], [-146.980562, 61.022815], [-146.980136, 61.023107], [-146.979726, 61.023547], [-146.979379, 61.023839], [-146.978752, 61.02413], [-146.978033, 61.024404], [-146.976728, 61.024669], [-146.976117, 61.025127], [-146.975628, 61.025567], [-146.974885, 61.025656], [-146.973694, 61.025759], [-146.972737, 61.025885], [-146.972302, 61.026047], [-146.972021, 61.026213], [-146.971755, 61.026365], [-146.971661, 61.026446], [-146.971596, 61.026536], [-146.971517, 61.026666], [-146.971545, 61.026747], [-146.971849, 61.026913], [-146.972353, 61.027092], [-146.973125, 61.027169], [-146.973713, 61.027088], [-146.974365, 61.027075], [-146.974868, 61.027263], [-146.975527, 61.027326], [-146.976164, 61.027214], [-146.976998, 61.027219], [-146.977686, 61.027228], [-146.978139, 61.027196], [-146.97878, 61.027107], [-146.978952, 61.026954], [-146.978998, 61.026707], [-146.978966, 61.026568], [-146.979076, 61.026317], [-146.979483, 61.026061], [-146.980138, 61.025939], [-146.980902, 61.025872], [-146.981729, 61.025899], [-146.981791, 61.026052], [-146.981539, 61.026209], [-146.981102, 61.026276], [-146.980604, 61.026272], [-146.980354, 61.026474], [-146.980229, 61.026698], [-146.980151, 61.026909], [-146.979964, 61.02703], [-146.979793, 61.027107], [-146.97959, 61.027196], [-146.979575, 61.02725], [-146.979855, 61.027362], [-146.98015, 61.027466], [-146.980708, 61.027497], [-146.98139, 61.027511], [-146.982088, 61.027551], [-146.982771, 61.027475], [-146.983284, 61.027345], [-146.983456, 61.027178], [-146.983534, 61.027039], [-146.983614, 61.026882], [-146.98374, 61.026739], [-146.98438, 61.026599], [-146.985142, 61.026577], [-146.98572, 61.026532], [-146.986495, 61.02651], [-146.98668, 61.026568], [-146.986864, 61.026653], [-146.986133, 61.026887], [-146.986407, 61.027187], [-146.986545, 61.027282], [-146.986544, 61.027322], [-146.986401, 61.027538], [-146.986305, 61.027717], [-146.986364, 61.027879], [-146.986315, 61.028036], [-146.986391, 61.028126], [-146.986666, 61.028283], [-146.986878, 61.028467], [-146.987108, 61.028584], [-146.987306, 61.028691], [-146.987501, 61.02874], [-146.986946, 61.02947], [-146.986222, 61.030193], [-146.985355, 61.030878], [-146.984353, 61.031519], [-146.983224, 61.032109], [-146.981981, 61.032643], [-146.981772, 61.032717], [-146.981133, 61.032421], [-146.980531, 61.032309], [-146.979956, 61.03213], [-146.979078, 61.031762], [-146.978387, 61.031573], [-146.977597, 61.031434], [-146.977157, 61.031317], [-146.976571, 61.031214], [-146.97582, 61.031124], [-146.975318, 61.0312], [-146.974938, 61.031393], [-146.974748, 61.031541], [-146.974248, 61.031725], [-146.974152, 61.031878], [-146.974072, 61.032102], [-146.974072, 61.032246], [-146.973931, 61.032246], [-146.973729, 61.032183], [-146.973387, 61.032075], [-146.972949, 61.032004], [-146.972448, 61.03186], [-146.972109, 61.03177], [-146.971911, 61.031617], [-146.971838, 61.03146], [-146.971856, 61.031052], [-146.971461, 61.030818], [-146.970672, 61.030549], [-146.970199, 61.030459], [-146.969644, 61.030329], [-146.96918, 61.030208], [-146.968801, 61.030019], [-146.968247, 61.029687], [-146.967767, 61.029449], [-146.967426, 61.029175], [-146.967198, 61.028955], [-146.967138, 61.02869], [-146.967541, 61.028479], [-146.967605, 61.028403], [-146.96741, 61.028259], [-146.967432, 61.028053], [-146.967497, 61.027976], [-146.967616, 61.027658], [-146.967806, 61.027388], [-146.968223, 61.0272], [-146.968637, 61.027092], [-146.969373, 61.026953], [-146.969759, 61.026877], [-146.97013, 61.026796], [-146.970547, 61.02672], [-146.970796, 61.026612], [-146.970951, 61.026558], [-146.970909, 61.026406], [-146.970863, 61.026406], [-146.97065, 61.026338], [-146.970374, 61.026307], [-146.969965, 61.026127], [-146.969831, 61.025966], [-146.96982, 61.02579], [-146.969793, 61.025674], [-146.969737, 61.025517], [-146.96962, 61.025324], [-146.969487, 61.025175], [-146.96951, 61.024942], [-146.969576, 61.024771], [-146.969646, 61.024435], [-146.969619, 61.02426], [-146.96958, 61.024035], [-146.96939, 61.023703], [-146.969349, 61.023528], [-146.969127, 61.023254], [-146.968747, 61.023151], [-146.968306, 61.023048], [-146.967908, 61.023056], [-146.967386, 61.023101], [-146.96708, 61.023088], [-146.966712, 61.023128], [-146.966312, 61.023191], [-146.966035, 61.023263], [-146.965832, 61.023406], [-146.965751, 61.023554], [-146.965807, 61.023743], [-146.965926, 61.023869], [-146.965936, 61.024035], [-146.965804, 61.02434], [-146.96569, 61.024578], [-146.965593, 61.024735], [-146.965482, 61.024892], [-146.965321, 61.025161], [-146.965034, 61.025565], [-146.964965, 61.025812], [-146.964974, 61.026028], [-146.964941, 61.026122], [-146.964859, 61.026279], [-146.964688, 61.026355], [-146.964472, 61.026432], [-146.964181, 61.026445], [-146.96409, 61.026432], [-146.963816, 61.0264], [-146.963526, 61.026386], [-146.963174, 61.026427], [-146.962729, 61.026494], [-146.962329, 61.026593], [-146.96191, 61.026808], [-146.961598, 61.027042], [-146.961297, 61.027392], [-146.961165, 61.027719], [-146.961229, 61.028101], [-146.961263, 61.028482], [-146.96127, 61.028734], [-146.96147, 61.029183], [-146.961603, 61.029322], [-146.961888, 61.029479], [-146.962147, 61.029524], [-146.962494, 61.029645], [-146.962812, 61.029735], [-146.963118, 61.029735], [-146.963299, 61.029807], [-146.963291, 61.030076], [-146.963467, 61.03031], [-146.963651, 61.030431], [-146.963605, 61.030543], [-146.96339, 61.030732], [-146.963208, 61.030893], [-146.962945, 61.030875], [-146.962498, 61.030974], [-146.962312, 61.030979], [-146.961925, 61.031136], [-146.961708, 61.031302], [-146.961412, 61.03149], [-146.961102, 61.03167], [-146.960867, 61.03193], [-146.960653, 61.03219], [-146.960478, 61.032527], [-146.960455, 61.03257], [-146.960437, 61.032564], [-146.959211, 61.03202], [-146.958102, 61.031422], [-146.95712, 61.030774], [-146.956275, 61.030082], [-146.955574, 61.029354], [-146.955025, 61.028597], [-146.954633, 61.027817], [-146.954402, 61.027023], [-146.954333, 61.026221], [-146.954428, 61.02542], [-146.954686, 61.024627]]], [[[-147.037208, 60.950389], [-147.037115, 60.95119], [-147.03686, 60.951983], [-147.036446, 60.95276], [-147.035875, 60.953513], [-147.035155, 60.954236], [-147.03429, 60.954922], [-147.033291, 60.955563], [-147.032166, 60.956154], [-147.030927, 60.956689], [-147.029585, 60.957162], [-147.028154, 60.95757], [-147.026646, 60.957908], [-147.025854, 60.958042], [-147.025847, 60.95802], [-147.025644, 60.957508], [-147.025089, 60.956593], [-147.025052, 60.956332], [-147.025107, 60.956162], [-147.025421, 60.955955], [-147.025569, 60.955901], [-147.025735, 60.955865], [-147.025938, 60.955865], [-147.026086, 60.955883], [-147.026954, 60.956], [-147.027139, 60.955982], [-147.027287, 60.955946], [-147.027434, 60.955892], [-147.027526, 60.95582], [-147.027581, 60.955551], [-147.027637, 60.95547], [-147.027766, 60.955416], [-147.028301, 60.955344], [-147.02843, 60.955299], [-147.028708, 60.955066], [-147.028836, 60.955012], [-147.029723, 60.954904], [-147.030018, 60.954814], [-147.030128, 60.954742], [-147.030221, 60.954581], [-147.030202, 60.954231], [-147.030128, 60.95415], [-147.029925, 60.954006], [-147.029777, 60.953961], [-147.028891, 60.95389], [-147.028559, 60.953836], [-147.028282, 60.953737], [-147.027617, 60.953432], [-147.027339, 60.953324], [-147.027173, 60.953297], [-147.026804, 60.953279], [-147.026287, 60.953315], [-147.025844, 60.953387], [-147.025622, 60.95345], [-147.025512, 60.953522], [-147.025327, 60.953765], [-147.02518, 60.954366], [-147.025125, 60.954447], [-147.024922, 60.954591], [-147.024626, 60.954689], [-147.024091, 60.954743], [-147.023759, 60.954797], [-147.023094, 60.955085], [-147.022762, 60.955156], [-147.022411, 60.955192], [-147.022245, 60.955184], [-147.021894, 60.95513], [-147.021598, 60.955031], [-147.021285, 60.954825], [-147.021229, 60.954645], [-147.021285, 60.954573], [-147.022097, 60.954376], [-147.022374, 60.954277], [-147.022779, 60.953989], [-147.022798, 60.953639], [-147.022742, 60.953478], [-147.022668, 60.953397], [-147.022243, 60.953119], [-147.022132, 60.952948], [-147.022132, 60.952858], [-147.022188, 60.952778], [-147.022612, 60.952625], [-147.022557, 60.952445], [-147.022686, 60.952364], [-147.022667, 60.952311], [-147.022206, 60.95223], [-147.021634, 60.952176], [-147.019159, 60.952015], [-147.018901, 60.951889], [-147.01879, 60.951817], [-147.018753, 60.951737], [-147.018808, 60.951557], [-147.018919, 60.951395], [-147.019177, 60.95127], [-147.020119, 60.950866], [-147.020359, 60.95074], [-147.020377, 60.950659], [-147.020322, 60.950569], [-147.0201, 60.950327], [-147.020082, 60.950156], [-147.020118, 60.949986], [-147.020155, 60.949905], [-147.020339, 60.949743], [-147.02058, 60.949618], [-147.020727, 60.949573], [-147.021225, 60.949483], [-147.021761, 60.949483], [-147.022278, 60.949546], [-147.022795, 60.949626], [-147.024087, 60.949922], [-147.024752, 60.95003], [-147.027226, 60.950227], [-147.029515, 60.95037], [-147.030235, 60.950361], [-147.031472, 60.950253], [-147.033078, 60.950271], [-147.033614, 60.950262], [-147.033964, 60.950226], [-147.034813, 60.950091], [-147.03533, 60.950082], [-147.036198, 60.95018], [-147.037205, 60.950358], [-147.037208, 60.950389]], [[-147.025385, 60.95644], [-147.025422, 60.956512], [-147.025588, 60.956503], [-147.025939, 60.95644], [-147.025902, 60.956359], [-147.025735, 60.956323], [-147.025366, 60.956332], [-147.025385, 60.95644]]], [[[-147.207569, 60.942893], [-147.207583, 60.942906], [-147.20773, 60.942964], [-147.207807, 60.942839], [-147.207961, 60.942804], [-147.209528, 60.942537], [-147.211141, 60.942345], [-147.212786, 60.942231], [-147.214446, 60.942195], [-147.216105, 60.942237], [-147.217748, 60.942358], [-147.219358, 60.942556], [-147.220921, 60.942829], [-147.22242, 60.943175], [-147.223842, 60.94359], [-147.225173, 60.944071], [-147.2264, 60.944612], [-147.227512, 60.945208], [-147.228496, 60.945855], [-147.229345, 60.946544], [-147.23005, 60.947271], [-147.230604, 60.948027], [-147.231002, 60.948806], [-147.23124, 60.9496], [-147.231315, 60.950402], [-147.231227, 60.951203], [-147.230977, 60.951996], [-147.230567, 60.952774], [-147.230001, 60.953528], [-147.229285, 60.954252], [-147.228425, 60.954938], [-147.22743, 60.955581], [-147.226309, 60.956173], [-147.225073, 60.95671], [-147.223734, 60.957185], [-147.222304, 60.957595], [-147.220799, 60.957935], [-147.219231, 60.958203], [-147.217617, 60.958395], [-147.217184, 60.958425], [-147.217139, 60.95822], [-147.217247, 60.957959], [-147.217651, 60.957573], [-147.217761, 60.957411], [-147.217761, 60.95733], [-147.217648, 60.95707], [-147.217718, 60.956549], [-147.217642, 60.956298], [-147.217362, 60.955876], [-147.217288, 60.955715], [-147.217359, 60.955356], [-147.217322, 60.955284], [-147.217229, 60.955212], [-147.216858, 60.955016], [-147.216765, 60.954944], [-147.216691, 60.954863], [-147.216727, 60.954693], [-147.217073, 60.9541], [-147.217106, 60.953408], [-147.217307, 60.953076], [-147.217509, 60.952914], [-147.217656, 60.952896], [-147.217804, 60.952932], [-147.218248, 60.953092], [-147.218563, 60.953182], [-147.218729, 60.953182], [-147.219079, 60.953136], [-147.219171, 60.953055], [-147.21917, 60.952786], [-147.219206, 60.952714], [-147.219739, 60.952471], [-147.219886, 60.952309], [-147.219977, 60.952057], [-147.219956, 60.951797], [-147.219826, 60.951636], [-147.219585, 60.951511], [-147.219252, 60.95143], [-147.21892, 60.951395], [-147.218754, 60.95144], [-147.217834, 60.95198], [-147.217687, 60.952043], [-147.217558, 60.952052], [-147.217354, 60.9519], [-147.217206, 60.951855], [-147.21595, 60.951831], [-147.215321, 60.951661], [-147.215174, 60.951643], [-147.214454, 60.951734], [-147.214288, 60.951725], [-147.213992, 60.951636], [-147.213584, 60.951457], [-147.212843, 60.951072], [-147.212787, 60.950992], [-147.212861, 60.950929], [-147.21323, 60.950964], [-147.213415, 60.950955], [-147.214097, 60.950792], [-147.21419, 60.95081], [-147.214227, 60.950864], [-147.214173, 60.95116], [-147.214174, 60.95125], [-147.214248, 60.951339], [-147.214378, 60.951393], [-147.214711, 60.951455], [-147.214877, 60.951428], [-147.215024, 60.951374], [-147.215226, 60.95123], [-147.215262, 60.951149], [-147.21528, 60.95097], [-147.215242, 60.950889], [-147.215113, 60.950826], [-147.214632, 60.950701], [-147.214502, 60.950639], [-147.214316, 60.950487], [-147.214316, 60.950406], [-147.214352, 60.950325], [-147.214517, 60.950163], [-147.214628, 60.950091], [-147.215088, 60.949956], [-147.21518, 60.949884], [-147.215216, 60.949803], [-147.215179, 60.949713], [-147.214863, 60.949391], [-147.214862, 60.949319], [-147.215028, 60.949274], [-147.215213, 60.949273], [-147.215546, 60.949363], [-147.215656, 60.949327], [-147.215766, 60.949138], [-147.215858, 60.949066], [-147.216005, 60.949039], [-147.216743, 60.949038], [-147.216891, 60.949001], [-147.21702, 60.948938], [-147.217093, 60.948857], [-147.217037, 60.948777], [-147.216926, 60.948705], [-147.216464, 60.948571], [-147.216204, 60.948455], [-147.215926, 60.948231], [-147.215814, 60.948061], [-147.215903, 60.94763], [-147.215847, 60.947558], [-147.215532, 60.947334], [-147.215567, 60.947074], [-147.215382, 60.94693], [-147.214752, 60.946617], [-147.214456, 60.94651], [-147.214141, 60.946447], [-147.213089, 60.946315], [-147.212774, 60.946243], [-147.212645, 60.946198], [-147.212366, 60.945966], [-147.21194, 60.945805], [-147.211442, 60.945707], [-147.210906, 60.945734], [-147.21074, 60.945717], [-147.209627, 60.944929], [-147.208924, 60.944607], [-147.208573, 60.94458], [-147.208426, 60.944616], [-147.208131, 60.944832], [-147.207967, 60.945084], [-147.208045, 60.945604], [-147.207952, 60.945676], [-147.20773, 60.945551], [-147.207321, 60.945112], [-147.207005, 60.944798], [-147.206893, 60.944636], [-147.206724, 60.944035], [-147.206463, 60.943713], [-147.206407, 60.943542], [-147.206479, 60.943362], [-147.206883, 60.943075], [-147.206906, 60.943043], [-147.207569, 60.942893]], [[-147.208804, 60.94446], [-147.208922, 60.944476], [-147.209369, 60.944435], [-147.209282, 60.944319], [-147.208987, 60.944259], [-147.208807, 60.944316], [-147.208804, 60.94446]], [[-147.213074, 60.945345], [-147.213132, 60.945403], [-147.213491, 60.945318], [-147.213375, 60.945231], [-147.213195, 60.945258], [-147.213074, 60.945345]], [[-147.21382, 60.945416], [-147.213875, 60.945335], [-147.213875, 60.945254], [-147.213672, 60.945245], [-147.213673, 60.945371], [-147.21382, 60.945416]], [[-147.21614, 60.947216], [-147.216307, 60.947252], [-147.216454, 60.947207], [-147.216417, 60.947126], [-147.21614, 60.947145], [-147.21614, 60.947216]], [[-147.215685, 60.95004], [-147.215833, 60.95007], [-147.216012, 60.950042], [-147.216102, 60.949998], [-147.216048, 60.94981], [-147.215751, 60.949794], [-147.215688, 60.949924], [-147.215685, 60.95004]], [[-147.221555, 60.950691], [-147.22174, 60.950744], [-147.221961, 60.950699], [-147.221941, 60.950555], [-147.221664, 60.950484], [-147.221535, 60.950538], [-147.221555, 60.950691]], [[-147.219336, 60.953625], [-147.219482, 60.953699], [-147.219719, 60.953744], [-147.219841, 60.953614], [-147.219815, 60.953498], [-147.219519, 60.953438], [-147.219339, 60.95351], [-147.219336, 60.953625]], [[-147.217591, 60.95444], [-147.217489, 60.954477], [-147.217472, 60.954483], [-147.217468, 60.954599], [-147.217675, 60.954629], [-147.217914, 60.954602], [-147.217917, 60.954471], [-147.21786, 60.954399], [-147.217828, 60.954404], [-147.217591, 60.95444]], [[-147.217385, 60.955107], [-147.217591, 60.955166], [-147.217712, 60.955109], [-147.217715, 60.954993], [-147.217507, 60.954963], [-147.217387, 60.955034], [-147.217385, 60.955107]], [[-147.207385, 60.944788], [-147.207414, 60.944846], [-147.207533, 60.944832], [-147.207536, 60.944688], [-147.207387, 60.944715], [-147.207385, 60.944788]]], [[[-147.217419, 60.991531], [-147.218843, 60.991946], [-147.220176, 60.992427], [-147.221404, 60.992968], [-147.222517, 60.993564], [-147.223503, 60.994211], [-147.224354, 60.9949], [-147.225059, 60.995627], [-147.225614, 60.996383], [-147.226012, 60.997162], [-147.22625, 60.997956], [-147.226326, 60.998758], [-147.226238, 60.999559], [-147.225987, 61.000352], [-147.225576, 61.00113], [-147.22501, 61.001884], [-147.224292, 61.002608], [-147.223431, 61.003295], [-147.222434, 61.003937], [-147.221311, 61.00453], [-147.220073, 61.005066], [-147.218732, 61.005541], [-147.217687, 61.005841], [-147.21766, 61.005752], [-147.217622, 61.005555], [-147.217584, 61.005411], [-147.217527, 61.005267], [-147.217453, 61.00516], [-147.217304, 61.005034], [-147.217007, 61.004918], [-147.216729, 61.004847], [-147.216562, 61.004757], [-147.216413, 61.004641], [-147.216264, 61.004515], [-147.216042, 61.004372], [-147.215893, 61.004238], [-147.21567, 61.004148], [-147.215485, 61.004122], [-147.215244, 61.00405], [-147.215133, 61.004005], [-147.21504, 61.003961], [-147.214836, 61.003835], [-147.214798, 61.003718], [-147.214779, 61.003602], [-147.215073, 61.003386], [-147.215313, 61.003296], [-147.215646, 61.003259], [-147.215701, 61.003196], [-147.215719, 61.003116], [-147.215736, 61.003008], [-147.215605, 61.002739], [-147.2154, 61.002488], [-147.215251, 61.002371], [-147.21525, 61.002245], [-147.215324, 61.002191], [-147.215435, 61.002119], [-147.215527, 61.002074], [-147.215674, 61.001984], [-147.215821, 61.001903], [-147.215968, 61.001769], [-147.216042, 61.001652], [-147.216059, 61.00158], [-147.216022, 61.00149], [-147.215948, 61.001427], [-147.215799, 61.001365], [-147.215669, 61.001293], [-147.215354, 61.001222], [-147.215206, 61.00115], [-147.215168, 61.001088], [-147.215075, 61.000989], [-147.215056, 61.00089], [-147.214963, 61.000774], [-147.214925, 61.000639], [-147.214814, 61.000558], [-147.214665, 61.000487], [-147.214276, 61.000416], [-147.214017, 61.000371], [-147.213887, 61.000335], [-147.213646, 61.000219], [-147.21359, 61.000093], [-147.213571, 60.99995], [-147.213607, 60.999887], [-147.213569, 60.999779], [-147.213532, 60.999689], [-147.21342, 60.999645], [-147.21318, 60.999555], [-147.213105, 60.99952], [-147.212938, 60.99943], [-147.212827, 60.999403], [-147.212586, 60.999278], [-147.212454, 60.999263], [-147.212272, 60.999251], [-147.21202, 60.999231], [-147.211261, 60.998981], [-147.211038, 60.998856], [-147.211001, 60.998784], [-147.211073, 60.998515], [-147.210961, 60.998434], [-147.210813, 60.998389], [-147.210629, 60.99839], [-147.210462, 60.998426], [-147.209596, 60.998858], [-147.20943, 60.998885], [-147.209263, 60.998841], [-147.209207, 60.99876], [-147.209612, 60.998571], [-147.209686, 60.998499], [-147.209685, 60.998418], [-147.209536, 60.998167], [-147.209572, 60.998086], [-147.211337, 60.996575], [-147.212165, 60.996009], [-147.21222, 60.995928], [-147.21222, 60.995838], [-147.212088, 60.995497], [-147.212106, 60.995407], [-147.212179, 60.995326], [-147.213948, 60.994354], [-147.2145, 60.994012], [-147.215933, 60.992708], [-147.216355, 60.992232], [-147.216464, 60.991989], [-147.216387, 60.991496], [-147.216492, 60.991318], [-147.217419, 60.991531]], [[-147.212393, 60.998518], [-147.212452, 60.998562], [-147.212572, 60.99852], [-147.212783, 60.998405], [-147.212815, 60.998333], [-147.212757, 60.998275], [-147.212522, 60.998172], [-147.212368, 60.998316], [-147.212393, 60.998518]]], [[[-147.281896, 60.890097], [-147.280561, 60.890573], [-147.279135, 60.890984], [-147.277633, 60.891325], [-147.276069, 60.891593], [-147.274459, 60.891785], [-147.272817, 60.8919], [-147.27116, 60.891937], [-147.269503, 60.891895], [-147.267862, 60.891775], [-147.266254, 60.891578], [-147.264694, 60.891305], [-147.263197, 60.89096], [-147.261776, 60.890545], [-147.26161, 60.890485], [-147.261785, 60.890407], [-147.261987, 60.890263], [-147.2627, 60.889562], [-147.263799, 60.88877], [-147.263926, 60.888608], [-147.263999, 60.888446], [-147.26407, 60.888186], [-147.264032, 60.888015], [-147.263672, 60.886894], [-147.263558, 60.886463], [-147.263611, 60.886212], [-147.263757, 60.88596], [-147.26405, 60.885735], [-147.264655, 60.88542], [-147.265115, 60.885293], [-147.266273, 60.885058], [-147.26642, 60.885013], [-147.266549, 60.884959], [-147.266859, 60.884545], [-147.26706, 60.884401], [-147.267335, 60.884293], [-147.267832, 60.884193], [-147.268182, 60.884157], [-147.269381, 60.884289], [-147.269565, 60.884306], [-147.269749, 60.884288], [-147.270924, 60.883756], [-147.271108, 60.883738], [-147.271274, 60.883773], [-147.271311, 60.883854], [-147.271238, 60.883944], [-147.271, 60.88407], [-147.270449, 60.884305], [-147.270229, 60.88444], [-147.270047, 60.884673], [-147.269976, 60.885033], [-147.270053, 60.885374], [-147.270277, 60.885705], [-147.270462, 60.885849], [-147.270925, 60.886117], [-147.271074, 60.886278], [-147.271279, 60.88661], [-147.271393, 60.886951], [-147.271287, 60.887562], [-147.271289, 60.887723], [-147.271327, 60.887813], [-147.271549, 60.887947], [-147.271881, 60.888009], [-147.272249, 60.888026], [-147.272599, 60.888008], [-147.272949, 60.887962], [-147.273408, 60.887836], [-147.274289, 60.887403], [-147.274639, 60.887349], [-147.275173, 60.887339], [-147.27569, 60.8874], [-147.276003, 60.887489], [-147.276096, 60.887552], [-147.276431, 60.887866], [-147.276542, 60.887928], [-147.276708, 60.887973], [-147.278387, 60.888257], [-147.280123, 60.888702], [-147.281137, 60.888861], [-147.281416, 60.889067], [-147.281547, 60.889318], [-147.281751, 60.889471], [-147.282065, 60.889515], [-147.282784, 60.889558], [-147.28295, 60.889585], [-147.283017, 60.889609], [-147.281896, 60.890097]]], [[[-147.27365, 60.974375], [-147.272226, 60.97396], [-147.270893, 60.97348], [-147.269664, 60.972939], [-147.268551, 60.972343], [-147.267564, 60.971697], [-147.266714, 60.971008], [-147.266007, 60.970281], [-147.265452, 60.969525], [-147.265053, 60.968746], [-147.264815, 60.967952], [-147.264738, 60.967151], [-147.264825, 60.96635], [-147.265075, 60.965556], [-147.265484, 60.964779], [-147.266049, 60.964024], [-147.266241, 60.96383], [-147.266058, 60.963581], [-147.266222, 60.963582], [-147.266344, 60.963481], [-147.266284, 60.963452], [-147.266076, 60.96348], [-147.266027, 60.963538], [-147.265801, 60.96323], [-147.265578, 60.962795], [-147.265835, 60.962713], [-147.265945, 60.962632], [-147.265981, 60.962551], [-147.26598, 60.962462], [-147.265924, 60.962381], [-147.26561, 60.962283], [-147.265591, 60.962202], [-147.265662, 60.961941], [-147.265606, 60.961861], [-147.265157, 60.961592], [-147.265087, 60.960856], [-147.265174, 60.960054], [-147.265423, 60.959261], [-147.265832, 60.958484], [-147.266397, 60.957729], [-147.267113, 60.957005], [-147.267972, 60.956318], [-147.268967, 60.955675], [-147.270087, 60.955082], [-147.271322, 60.954545], [-147.272661, 60.95407], [-147.273124, 60.953936], [-147.273408, 60.954333], [-147.273614, 60.954665], [-147.27371, 60.955006], [-147.273679, 60.955787], [-147.273774, 60.956047], [-147.273886, 60.956119], [-147.274163, 60.956226], [-147.274866, 60.956296], [-147.274995, 60.95635], [-147.275015, 60.956529], [-147.274979, 60.95661], [-147.274558, 60.956988], [-147.274466, 60.957078], [-147.274448, 60.957159], [-147.274766, 60.957562], [-147.275697, 60.958503], [-147.275883, 60.958655], [-147.276013, 60.958718], [-147.276161, 60.958762], [-147.276679, 60.958815], [-147.277935, 60.958867], [-147.278267, 60.95892], [-147.278527, 60.959036], [-147.278769, 60.95917], [-147.279216, 60.959645], [-147.279309, 60.959717], [-147.279568, 60.959833], [-147.28079, 60.960199], [-147.281421, 60.960512], [-147.281699, 60.960619], [-147.282198, 60.960725], [-147.283271, 60.960903], [-147.283678, 60.960992], [-147.283549, 60.961019], [-147.283309, 60.961038], [-147.281942, 60.96095], [-147.281702, 60.960924], [-147.281038, 60.961042], [-147.280687, 60.961043], [-147.279948, 60.960981], [-147.279782, 60.96099], [-147.279634, 60.961018], [-147.279493, 60.96109], [-147.279281, 60.961199], [-147.279248, 60.961216], [-147.27912, 60.961378], [-147.278862, 60.961486], [-147.278255, 60.961676], [-147.278126, 60.961739], [-147.278109, 60.961828], [-147.278146, 60.961918], [-147.27887, 60.962294], [-147.279685, 60.962633], [-147.28013, 60.962776], [-147.281093, 60.963035], [-147.28137, 60.963133], [-147.281463, 60.963195], [-147.281519, 60.963285], [-147.281521, 60.963465], [-147.281395, 60.963896], [-147.281508, 60.964057], [-147.281713, 60.9642], [-147.281842, 60.964263], [-147.282323, 60.964379], [-147.282841, 60.964432], [-147.28321, 60.964395], [-147.283892, 60.96425], [-147.284206, 60.964213], [-147.284372, 60.964222], [-147.284761, 60.964419], [-147.284873, 60.96449], [-147.284911, 60.96458], [-147.284782, 60.964607], [-147.284412, 60.964626], [-147.284081, 60.964707], [-147.283934, 60.964753], [-147.283842, 60.964825], [-147.283787, 60.964906], [-147.284215, 60.965237], [-147.284662, 60.965631], [-147.284773, 60.965684], [-147.284903, 60.965711], [-147.28529, 60.965683], [-147.285475, 60.96571], [-147.285494, 60.965791], [-147.285422, 60.965979], [-147.285441, 60.96606], [-147.285571, 60.966096], [-147.286458, 60.96622], [-147.286866, 60.966389], [-147.287014, 60.966434], [-147.287181, 60.966443], [-147.287716, 60.966397], [-147.288401, 60.966521], [-147.288567, 60.966512], [-147.288733, 60.966458], [-147.288787, 60.966386], [-147.288805, 60.966296], [-147.288749, 60.966215], [-147.288434, 60.966126], [-147.288341, 60.966045], [-147.28834, 60.965956], [-147.288469, 60.965902], [-147.288838, 60.965856], [-147.288986, 60.965892], [-147.289098, 60.965972], [-147.289081, 60.966143], [-147.289155, 60.966223], [-147.289488, 60.966277], [-147.290024, 60.966285], [-147.289971, 60.96659], [-147.290028, 60.966671], [-147.290584, 60.966894], [-147.290917, 60.966956], [-147.290696, 60.967037], [-147.290345, 60.967029], [-147.290253, 60.967092], [-147.290198, 60.967191], [-147.290088, 60.967254], [-147.289036, 60.967355], [-147.288889, 60.9674], [-147.28865, 60.967535], [-147.288595, 60.967616], [-147.288596, 60.967706], [-147.288689, 60.967777], [-147.289765, 60.968233], [-147.28971, 60.968323], [-147.289544, 60.968341], [-147.289211, 60.968279], [-147.288543, 60.967984], [-147.287802, 60.967743], [-147.287155, 60.967601], [-147.285804, 60.967379], [-147.285268, 60.96729], [-147.284935, 60.967255], [-147.28438, 60.967238], [-147.283864, 60.967275], [-147.283716, 60.967329], [-147.283478, 60.967464], [-147.283221, 60.967689], [-147.283092, 60.967752], [-147.282927, 60.967789], [-147.28276, 60.96778], [-147.282464, 60.967673], [-147.281517, 60.967154], [-147.281257, 60.967038], [-147.281072, 60.967011], [-147.280703, 60.967021], [-147.280648, 60.967066], [-147.280723, 60.967165], [-147.280612, 60.967228], [-147.280447, 60.967273], [-147.28041, 60.967354], [-147.280394, 60.967623], [-147.280321, 60.967695], [-147.280174, 60.967758], [-147.280008, 60.967785], [-147.279638, 60.967786], [-147.279472, 60.967813], [-147.279325, 60.967858], [-147.27927, 60.967939], [-147.279456, 60.968091], [-147.279919, 60.968225], [-147.279975, 60.968297], [-147.279976, 60.968387], [-147.279958, 60.968485], [-147.279848, 60.968557], [-147.279719, 60.96854], [-147.279256, 60.968388], [-147.279089, 60.968361], [-147.278924, 60.968389], [-147.278918, 60.968552], [-147.278909, 60.96882], [-147.278765, 60.969251], [-147.278858, 60.969313], [-147.279209, 60.969367], [-147.279745, 60.969428], [-147.279912, 60.969464], [-147.28006, 60.969518], [-147.280116, 60.969589], [-147.280118, 60.969769], [-147.27988, 60.970092], [-147.279936, 60.970173], [-147.281605, 60.970834], [-147.281921, 60.97104], [-147.282568, 60.971191], [-147.283144, 60.971522], [-147.283477, 60.971593], [-147.283515, 60.971674], [-147.28324, 60.971899], [-147.283169, 60.972249], [-147.283096, 60.97233], [-147.282986, 60.972384], [-147.282635, 60.972457], [-147.282506, 60.972511], [-147.282472, 60.972771], [-147.282251, 60.972898], [-147.282326, 60.97296], [-147.282864, 60.973211], [-147.282901, 60.973291], [-147.282884, 60.973381], [-147.28272, 60.973633], [-147.282757, 60.973713], [-147.283462, 60.97399], [-147.283703, 60.974107], [-147.283704, 60.974205], [-147.283612, 60.974277], [-147.283446, 60.974287], [-147.282725, 60.974225], [-147.282374, 60.974253], [-147.282227, 60.974316], [-147.282135, 60.974388], [-147.282065, 60.974819], [-147.281973, 60.974891], [-147.281347, 60.975062], [-147.280849, 60.975171], [-147.280351, 60.975253], [-147.28, 60.975281], [-147.27963, 60.975263], [-147.279297, 60.975201], [-147.278982, 60.975121], [-147.278704, 60.975023], [-147.278314, 60.974718], [-147.277312, 60.974235], [-147.276884, 60.97385], [-147.276717, 60.973824], [-147.27585, 60.973915], [-147.275683, 60.973897], [-147.275183, 60.973791], [-147.274814, 60.973791], [-147.274648, 60.973819], [-147.274519, 60.973873], [-147.274336, 60.974115], [-147.274023, 60.974206], [-147.273913, 60.974278], [-147.273858, 60.974368], [-147.273853, 60.974421], [-147.27365, 60.974375]], [[-147.278904, 60.961089], [-147.27914, 60.961162], [-147.279292, 60.961033], [-147.279293, 60.961004], [-147.279128, 60.960983], [-147.279056, 60.960974], [-147.278995, 60.961031], [-147.278904, 60.961089]], [[-147.277659, 60.962717], [-147.278017, 60.962676], [-147.278108, 60.962604], [-147.277902, 60.962516], [-147.277633, 60.962572], [-147.277659, 60.962717]], [[-147.274743, 60.962711], [-147.27492, 60.962756], [-147.275041, 60.962698], [-147.274895, 60.962596], [-147.274806, 60.962538], [-147.274716, 60.96261], [-147.274743, 60.962711]], [[-147.273112, 60.962861], [-147.273058, 60.962933], [-147.273077, 60.963023], [-147.273208, 60.963193], [-147.273319, 60.963265], [-147.273949, 60.963425], [-147.274078, 60.963488], [-147.274692, 60.963917], [-147.274951, 60.964034], [-147.275117, 60.964069], [-147.275302, 60.964078], [-147.275394, 60.964015], [-147.275412, 60.963916], [-147.275319, 60.963853], [-147.275171, 60.963791], [-147.275133, 60.96371], [-147.275206, 60.963629], [-147.275353, 60.963584], [-147.275538, 60.963575], [-147.275704, 60.963583], [-147.275871, 60.963619], [-147.276297, 60.963789], [-147.276409, 60.963851], [-147.276483, 60.963932], [-147.276392, 60.964013], [-147.276246, 60.964265], [-147.276339, 60.964291], [-147.27693, 60.964299], [-147.277299, 60.96437], [-147.277447, 60.96437], [-147.277648, 60.964136], [-147.277814, 60.964109], [-147.278349, 60.964054], [-147.27846, 60.963991], [-147.278569, 60.963811], [-147.27855, 60.963731], [-147.278439, 60.963659], [-147.278272, 60.963624], [-147.27757, 60.96358], [-147.27731, 60.963464], [-147.27668, 60.963151], [-147.276272, 60.96299], [-147.27592, 60.962937], [-147.275218, 60.962884], [-147.274089, 60.962617], [-147.273757, 60.962564], [-147.27348, 60.962654], [-147.273112, 60.962861]], [[-147.266322, 60.963163], [-147.266531, 60.96312], [-147.266592, 60.963063], [-147.266325, 60.963047], [-147.266263, 60.963148], [-147.266322, 60.963163]], [[-147.272679, 60.963316], [-147.273006, 60.963289], [-147.273037, 60.96326], [-147.272921, 60.963158], [-147.272654, 60.963127], [-147.272562, 60.963243], [-147.272679, 60.963316]], [[-147.277891, 60.962936], [-147.277859, 60.963051], [-147.277993, 60.963052], [-147.278067, 60.963053], [-147.278218, 60.962967], [-147.2781, 60.962908], [-147.277918, 60.962932], [-147.277891, 60.962936]], [[-147.278084, 60.96331], [-147.278133, 60.963333], [-147.278344, 60.963435], [-147.278621, 60.963425], [-147.278842, 60.963389], [-147.278786, 60.963254], [-147.278305, 60.963121], [-147.278046, 60.963166], [-147.278084, 60.96331]], [[-147.27908, 60.964135], [-147.279166, 60.964266], [-147.279256, 60.964223], [-147.279347, 60.964122], [-147.279202, 60.964005], [-147.279081, 60.964077], [-147.27908, 60.964135]], [[-147.277547, 60.964822], [-147.277635, 60.96488], [-147.277962, 60.964896], [-147.278143, 60.964782], [-147.277848, 60.964693], [-147.277579, 60.96475], [-147.277547, 60.964822]], [[-147.280282, 60.965298], [-147.280264, 60.965388], [-147.280283, 60.965469], [-147.280507, 60.96572], [-147.280729, 60.965845], [-147.281063, 60.965898], [-147.281432, 60.965889], [-147.281598, 60.965861], [-147.281671, 60.965789], [-147.281763, 60.96569], [-147.281761, 60.965556], [-147.281723, 60.965475], [-147.281723, 60.965466], [-147.281538, 60.965332], [-147.281241, 60.965225], [-147.280926, 60.965135], [-147.280575, 60.9651], [-147.280409, 60.965136], [-147.280282, 60.965298]], [[-147.281781, 60.965304], [-147.281917, 60.965358], [-147.281928, 60.965362], [-147.282107, 60.965335], [-147.282109, 60.965228], [-147.28211, 60.965219], [-147.281785, 60.965144], [-147.281753, 60.965231], [-147.281781, 60.965304]], [[-147.283805, 60.965409], [-147.283983, 60.965467], [-147.284102, 60.965425], [-147.284104, 60.965352], [-147.283927, 60.965279], [-147.283777, 60.965365], [-147.283805, 60.965409]], [[-147.282259, 60.965395], [-147.282166, 60.965429], [-147.282074, 60.965492], [-147.282067, 60.965525], [-147.282022, 60.965735], [-147.281841, 60.966184], [-147.281731, 60.966247], [-147.281546, 60.966265], [-147.281361, 60.966257], [-147.280917, 60.966123], [-147.280732, 60.966123], [-147.280031, 60.966268], [-147.279921, 60.966322], [-147.27994, 60.966376], [-147.280348, 60.966591], [-147.280478, 60.966653], [-147.280644, 60.966689], [-147.280829, 60.966689], [-147.281401, 60.966634], [-147.281568, 60.966633], [-147.281715, 60.966651], [-147.281772, 60.966714], [-147.281829, 60.966992], [-147.281922, 60.967072], [-147.282052, 60.967126], [-147.282219, 60.967162], [-147.28257, 60.967197], [-147.282921, 60.967169], [-147.283769, 60.967042], [-147.284674, 60.96704], [-147.284987, 60.966968], [-147.285264, 60.966859], [-147.285374, 60.966787], [-147.285447, 60.966715], [-147.28552, 60.966536], [-147.285519, 60.966455], [-147.285481, 60.966365], [-147.285183, 60.96615], [-147.284608, 60.965811], [-147.284237, 60.965623], [-147.283959, 60.965515], [-147.283792, 60.965489], [-147.283072, 60.965445], [-147.28283, 60.96532], [-147.282646, 60.965303], [-147.282314, 60.965375], [-147.282259, 60.965395]], [[-147.279791, 60.966674], [-147.279883, 60.966559], [-147.279558, 60.966528], [-147.279584, 60.96663], [-147.279791, 60.966674]], [[-147.289126, 60.966698], [-147.289423, 60.966728], [-147.289632, 60.966672], [-147.289457, 60.96654], [-147.289334, 60.96654], [-147.289189, 60.966539], [-147.289183, 60.966554], [-147.289126, 60.966698]], [[-147.285671, 60.966939], [-147.285754, 60.966971], [-147.285838, 60.967002], [-147.285904, 60.966956], [-147.285929, 60.966939], [-147.285947, 60.966831], [-147.285817, 60.966778], [-147.285688, 60.966832], [-147.285671, 60.966939]], [[-147.278343, 60.968422], [-147.278459, 60.968553], [-147.278522, 60.968553], [-147.278667, 60.968554], [-147.27867, 60.968424], [-147.278601, 60.968377], [-147.278495, 60.968307], [-147.278375, 60.968335], [-147.278343, 60.968422]]], [[[-147.272158, 60.990332], [-147.273497, 60.989856], [-147.274927, 60.989446], [-147.276434, 60.989105], [-147.277485, 60.988925], [-147.277515, 60.989037], [-147.277571, 60.989118], [-147.277683, 60.98918], [-147.277831, 60.989234], [-147.278295, 60.989368], [-147.278388, 60.989439], [-147.27828, 60.989871], [-147.278337, 60.98996], [-147.278466, 60.990005], [-147.2788, 60.990085], [-147.278966, 60.990103], [-147.279318, 60.99012], [-147.280038, 60.990092], [-147.280389, 60.990055], [-147.280537, 60.990019], [-147.280886, 60.989812], [-147.281087, 60.989569], [-147.281141, 60.989398], [-147.281158, 60.989228], [-147.281027, 60.989066], [-147.280766, 60.988834], [-147.280691, 60.988672], [-147.280709, 60.988582], [-147.280745, 60.988565], [-147.281265, 60.988529], [-147.282927, 60.988492], [-147.284589, 60.988534], [-147.286234, 60.988654], [-147.287847, 60.988851], [-147.289354, 60.989113], [-147.289445, 60.989903], [-147.289318, 60.990146], [-147.288665, 60.990877], [-147.288653, 60.99089], [-147.288604, 60.990946], [-147.288459, 60.991197], [-147.288424, 60.991458], [-147.288466, 60.992068], [-147.288581, 60.992499], [-147.288788, 60.992822], [-147.289348, 60.993458], [-147.289387, 60.993637], [-147.28924, 60.99379], [-147.289074, 60.993835], [-147.288574, 60.993729], [-147.288296, 60.993666], [-147.28776, 60.993649], [-147.287409, 60.993695], [-147.286745, 60.993831], [-147.286412, 60.993868], [-147.286228, 60.993868], [-147.286061, 60.993823], [-147.285931, 60.993761], [-147.285838, 60.993689], [-147.285762, 60.993519], [-147.285961, 60.993007], [-147.285996, 60.992827], [-147.285958, 60.992657], [-147.285809, 60.992495], [-147.285697, 60.992433], [-147.284864, 60.992264], [-147.284826, 60.992183], [-147.285119, 60.991868], [-147.285173, 60.991698], [-147.285079, 60.991527], [-147.284838, 60.991393], [-147.284504, 60.991331], [-147.284153, 60.991314], [-147.283821, 60.991368], [-147.28336, 60.991513], [-147.283175, 60.991504], [-147.283026, 60.991352], [-147.282986, 60.991011], [-147.282837, 60.990966], [-147.282486, 60.991003], [-147.282154, 60.991066], [-147.282007, 60.99112], [-147.281639, 60.991309], [-147.28103, 60.99149], [-147.280901, 60.991553], [-147.280571, 60.99176], [-147.280534, 60.991832], [-147.280591, 60.99202], [-147.280499, 60.992084], [-147.279891, 60.992273], [-147.279762, 60.992336], [-147.279285, 60.992705], [-147.279157, 60.992867], [-147.279141, 60.993127], [-147.279235, 60.993387], [-147.27931, 60.993459], [-147.279588, 60.993575], [-147.279682, 60.993647], [-147.279738, 60.993728], [-147.279757, 60.993817], [-147.279704, 60.994069], [-147.279468, 60.994581], [-147.279397, 60.994841], [-147.279382, 60.995272], [-147.279441, 60.995703], [-147.279572, 60.995864], [-147.279739, 60.996017], [-147.280296, 60.99624], [-147.280611, 60.996329], [-147.280944, 60.996364], [-147.281665, 60.996381], [-147.281832, 60.996417], [-147.281981, 60.996587], [-147.282129, 60.996596], [-147.282314, 60.99655], [-147.282479, 60.996397], [-147.282608, 60.996361], [-147.282811, 60.996343], [-147.282941, 60.996397], [-147.283035, 60.996576], [-147.282962, 60.996639], [-147.282704, 60.996756], [-147.281929, 60.996991], [-147.28145, 60.997109], [-147.281284, 60.997127], [-147.281117, 60.997091], [-147.281061, 60.99701], [-147.281317, 60.996768], [-147.281243, 60.996723], [-147.28104, 60.996714], [-147.280689, 60.996742], [-147.280375, 60.996832], [-147.280302, 60.996913], [-147.280248, 60.997084], [-147.2801, 60.997102], [-147.279913, 60.99686], [-147.279726, 60.996519], [-147.279667, 60.996178], [-147.279519, 60.996179], [-147.279335, 60.996233], [-147.279095, 60.996368], [-147.27882, 60.996584], [-147.278765, 60.996674], [-147.27873, 60.996925], [-147.278327, 60.997213], [-147.278202, 60.997734], [-147.278091, 60.997797], [-147.277925, 60.997842], [-147.276135, 60.998241], [-147.275896, 60.998367], [-147.275676, 60.9986], [-147.275604, 60.998771], [-147.275718, 60.999202], [-147.275784, 60.999258], [-147.276007, 60.999348], [-147.276045, 60.999419], [-147.276175, 60.999491], [-147.276323, 60.999518], [-147.276434, 60.999544], [-147.276582, 60.999562], [-147.276878, 60.99957], [-147.277544, 60.999632], [-147.277803, 60.999658], [-147.278229, 60.999703], [-147.27834, 60.999747], [-147.278489, 60.999846], [-147.278546, 60.999989], [-147.278547, 61.000079], [-147.278585, 61.000214], [-147.278403, 61.000528], [-147.278367, 61.000645], [-147.278313, 61.000798], [-147.278259, 61.001022], [-147.278223, 61.001103], [-147.278094, 61.001175], [-147.277836, 61.001248], [-147.277041, 61.001339], [-147.276561, 61.00142], [-147.276211, 61.001538], [-147.275971, 61.001601], [-147.275751, 61.001727], [-147.275603, 61.001826], [-147.275456, 61.001916], [-147.275291, 61.002015], [-147.274958, 61.002007], [-147.274329, 61.002017], [-147.274089, 61.002045], [-147.273795, 61.002207], [-147.273685, 61.002351], [-147.273595, 61.002665], [-147.27356, 61.00288], [-147.27358, 61.002997], [-147.273654, 61.003087], [-147.273784, 61.003158], [-147.274006, 61.003203], [-147.274248, 61.003292], [-147.274322, 61.003346], [-147.274415, 61.003435], [-147.274509, 61.003579], [-147.274545, 61.003781], [-147.27341, 61.003451], [-147.272076, 61.002971], [-147.270846, 61.002431], [-147.270769, 61.00239], [-147.270801, 61.002365], [-147.271094, 61.002095], [-147.271276, 61.001727], [-147.271366, 61.001439], [-147.271603, 61.001079], [-147.271729, 61.000702], [-147.2718, 61.000361], [-147.271925, 60.99984], [-147.271923, 60.999606], [-147.27191, 60.999236], [-147.272163, 60.998634], [-147.272253, 60.998293], [-147.272213, 60.998032], [-147.272045, 60.997754], [-147.271949, 60.997413], [-147.272003, 60.997153], [-147.272403, 60.996398], [-147.273207, 60.995337], [-147.273298, 60.995086], [-147.273313, 60.994736], [-147.273218, 60.994395], [-147.273105, 60.994144], [-147.272899, 60.993902], [-147.272247, 60.993284], [-147.272116, 60.993122], [-147.272022, 60.992952], [-147.272021, 60.992782], [-147.272074, 60.992521], [-147.272385, 60.992108], [-147.272439, 60.991937], [-147.272345, 60.991785], [-147.272047, 60.991552], [-147.271991, 60.991471], [-147.271855, 60.99069], [-147.27175, 60.990509], [-147.272158, 60.990332]], [[-147.288757, 60.990129], [-147.288788, 60.990042], [-147.288878, 60.990043], [-147.288881, 60.989927], [-147.288583, 60.989911], [-147.28858, 60.990041], [-147.288757, 60.990129]], [[-147.286201, 60.990787], [-147.286258, 60.99086], [-147.286407, 60.990832], [-147.286557, 60.990789], [-147.28665, 60.990689], [-147.286413, 60.990629], [-147.286263, 60.990672], [-147.286201, 60.990787]], [[-147.287789, 60.990819], [-147.287816, 60.990949], [-147.288084, 60.990893], [-147.288291, 60.990854], [-147.288266, 60.990734], [-147.288149, 60.990676], [-147.28785, 60.990718], [-147.287789, 60.990819]], [[-147.28559, 60.991451], [-147.285648, 60.991494], [-147.285886, 60.991495], [-147.285919, 60.991365], [-147.285742, 60.991292], [-147.285563, 60.991334], [-147.28559, 60.991451]], [[-147.286787, 60.992332], [-147.286825, 60.992422], [-147.286918, 60.992493], [-147.287066, 60.992547], [-147.287251, 60.992564], [-147.287417, 60.992555], [-147.287565, 60.992492], [-147.287638, 60.99242], [-147.287619, 60.99233], [-147.287526, 60.992259], [-147.287396, 60.992205], [-147.287026, 60.992188], [-147.286805, 60.992251], [-147.286787, 60.992332]], [[-147.286976, 60.993182], [-147.287126, 60.993169], [-147.287186, 60.99314], [-147.287099, 60.993038], [-147.286801, 60.993037], [-147.286649, 60.993166], [-147.286976, 60.993182]], [[-147.289047, 60.993715], [-147.289228, 60.993586], [-147.289142, 60.99347], [-147.288904, 60.99344], [-147.288684, 60.993443], [-147.288547, 60.993438], [-147.28884, 60.993628], [-147.289047, 60.993715]], [[-147.274509, 60.994087], [-147.274179, 60.994393], [-147.274015, 60.994636], [-147.27398, 60.994905], [-147.274019, 60.995076], [-147.274112, 60.995147], [-147.274241, 60.99521], [-147.274408, 60.995255], [-147.274575, 60.995272], [-147.274741, 60.995227], [-147.274851, 60.995164], [-147.275054, 60.995011], [-147.275272, 60.994678], [-147.275399, 60.994427], [-147.275416, 60.994256], [-147.275342, 60.994176], [-147.275249, 60.994104], [-147.274952, 60.994006], [-147.27462, 60.994015], [-147.274509, 60.994087]], [[-147.275591, 60.995243], [-147.275481, 60.995315], [-147.275426, 60.995396], [-147.275483, 60.995477], [-147.275594, 60.995558], [-147.275761, 60.995584], [-147.275908, 60.995539], [-147.276018, 60.995377], [-147.276017, 60.995278], [-147.275942, 60.995207], [-147.275776, 60.995207], [-147.275591, 60.995243]], [[-147.275135, 60.995882], [-147.275357, 60.995899], [-147.275671, 60.995827], [-147.275707, 60.995737], [-147.275595, 60.995674], [-147.275263, 60.995738], [-147.275135, 60.995882]], [[-147.27272, 60.997068], [-147.272778, 60.997126], [-147.272986, 60.997084], [-147.273018, 60.997012], [-147.273021, 60.99691], [-147.272783, 60.996924], [-147.27272, 60.997068]], [[-147.272757, 60.997967], [-147.272848, 60.997895], [-147.272851, 60.997808], [-147.272673, 60.997778], [-147.27261, 60.997908], [-147.272757, 60.997967]]], [[[-147.31422, 60.903901], [-147.314627, 60.903123], [-147.31519, 60.902368], [-147.315903, 60.901644], [-147.31676, 60.900957], [-147.317752, 60.900313], [-147.318869, 60.89972], [-147.320102, 60.899183], [-147.321437, 60.898707], [-147.322862, 60.898296], [-147.324364, 60.897954], [-147.325928, 60.897686], [-147.327538, 60.897493], [-147.328948, 60.897393], [-147.329247, 60.897732], [-147.329379, 60.898073], [-147.329422, 60.898675], [-147.329387, 60.898845], [-147.329207, 60.899277], [-147.32923, 60.899707], [-147.329103, 60.899869], [-147.328901, 60.900013], [-147.328406, 60.900266], [-147.328205, 60.90041], [-147.328042, 60.900662], [-147.328007, 60.900832], [-147.328045, 60.901012], [-147.328158, 60.901173], [-147.328454, 60.901379], [-147.329382, 60.901915], [-147.329642, 60.902148], [-147.329755, 60.90231], [-147.329963, 60.902821], [-147.330042, 60.903341], [-147.330045, 60.903602], [-147.329957, 60.904033], [-147.329941, 60.904284], [-147.329998, 60.904374], [-147.330295, 60.904588], [-147.330354, 60.905028], [-147.330392, 60.905109], [-147.33056, 60.905261], [-147.330986, 60.905538], [-147.330876, 60.905602], [-147.33077, 60.905943], [-147.330606, 60.906195], [-147.330386, 60.90633], [-147.329726, 60.906637], [-147.329525, 60.906772], [-147.329453, 60.906933], [-147.329419, 60.907293], [-147.329347, 60.907463], [-147.328945, 60.907743], [-147.328578, 60.907932], [-147.328284, 60.908031], [-147.327971, 60.908104], [-147.327603, 60.908141], [-147.327418, 60.908132], [-147.326735, 60.908044], [-147.32607, 60.90792], [-147.325849, 60.907929], [-147.325722, 60.908091], [-147.325597, 60.908522], [-147.325524, 60.908594], [-147.325304, 60.90873], [-147.325047, 60.908856], [-147.324753, 60.908946], [-147.324238, 60.909037], [-147.323888, 60.909056], [-147.322817, 60.90896], [-147.322467, 60.908961], [-147.322117, 60.908988], [-147.321786, 60.909043], [-147.321473, 60.909134], [-147.320316, 60.90954], [-147.319709, 60.909721], [-147.319194, 60.909794], [-147.318493, 60.909778], [-147.318308, 60.909751], [-147.317994, 60.90968], [-147.317586, 60.909492], [-147.317493, 60.909331], [-147.317431, 60.908721], [-147.317338, 60.908559], [-147.317263, 60.908488], [-147.316985, 60.908363], [-147.316264, 60.908104], [-147.315747, 60.908024], [-147.314861, 60.907955], [-147.314632, 60.907909], [-147.314603, 60.907869], [-147.314203, 60.907091], [-147.313974, 60.90633], [-147.314052, 60.906269], [-147.314088, 60.906179], [-147.31395, 60.906149], [-147.313887, 60.905495], [-147.313972, 60.904694], [-147.31422, 60.903901]], [[-147.314286, 60.905739], [-147.314195, 60.905811], [-147.314159, 60.90599], [-147.314234, 60.906071], [-147.314327, 60.906142], [-147.314623, 60.906241], [-147.314974, 60.906294], [-147.315158, 60.906302], [-147.315324, 60.906284], [-147.315581, 60.906158], [-147.315654, 60.906077], [-147.315689, 60.905906], [-147.315632, 60.905735], [-147.315539, 60.905664], [-147.315391, 60.90561], [-147.314874, 60.905567], [-147.314415, 60.905684], [-147.314286, 60.905739]], [[-147.325657, 60.90723], [-147.325806, 60.907283], [-147.326046, 60.907336], [-147.326138, 60.907282], [-147.325933, 60.907094], [-147.32573, 60.907131], [-147.325657, 60.90723]], [[-147.325625, 60.907714], [-147.325792, 60.907777], [-147.325902, 60.907723], [-147.325716, 60.907598], [-147.325588, 60.907607], [-147.325625, 60.907714]], [[-147.321413, 60.908631], [-147.321432, 60.908721], [-147.321562, 60.908774], [-147.321746, 60.908801], [-147.321912, 60.9088], [-147.322041, 60.908737], [-147.322114, 60.908656], [-147.322058, 60.908585], [-147.321946, 60.908504], [-147.321486, 60.908559], [-147.321413, 60.908631]]], [[[-147.394717, 60.924242], [-147.396217, 60.924586], [-147.397641, 60.924999], [-147.398329, 60.925247], [-147.397272, 60.925689], [-147.396924, 60.925879], [-147.39687, 60.92596], [-147.396892, 60.926229], [-147.396856, 60.92631], [-147.396692, 60.926463], [-147.396453, 60.926598], [-147.395849, 60.926923], [-147.395555, 60.927023], [-147.395224, 60.927078], [-147.393842, 60.927234], [-147.393676, 60.927271], [-147.39342, 60.927406], [-147.392944, 60.927767], [-147.392434, 60.928226], [-147.392399, 60.928397], [-147.392071, 60.928703], [-147.39193, 60.929224], [-147.391656, 60.929485], [-147.391607, 60.92997], [-147.391499, 60.930222], [-147.391353, 60.930375], [-147.390787, 60.930825], [-147.390641, 60.930978], [-147.390478, 60.93123], [-147.390263, 60.931742], [-147.3901, 60.931985], [-147.389808, 60.932202], [-147.389404, 60.932382], [-147.389256, 60.932419], [-147.388888, 60.932456], [-147.388462, 60.932295], [-147.388296, 60.932269], [-147.38741, 60.932253], [-147.38728, 60.9322], [-147.387205, 60.93211], [-147.387034, 60.931743], [-147.386978, 60.931671], [-147.386886, 60.931626], [-147.386756, 60.931618], [-147.386185, 60.931718], [-147.386019, 60.931719], [-147.385853, 60.931683], [-147.385723, 60.931612], [-147.385573, 60.93145], [-147.385554, 60.931361], [-147.38559, 60.93128], [-147.386247, 60.930668], [-147.386244, 60.930461], [-147.386076, 60.930336], [-147.385891, 60.930238], [-147.385539, 60.930131], [-147.385242, 60.929961], [-147.385167, 60.929872], [-147.385184, 60.929791], [-147.385404, 60.929664], [-147.386156, 60.929285], [-147.386339, 60.929132], [-147.38641, 60.928961], [-147.38646, 60.92853], [-147.386549, 60.92827], [-147.38675, 60.928036], [-147.386752, 60.928033], [-147.38698, 60.928035], [-147.386997, 60.928083], [-147.387054, 60.928141], [-147.387053, 60.928185], [-147.387237, 60.928041], [-147.387121, 60.927953], [-147.38703, 60.927988], [-147.387003, 60.927998], [-147.387315, 60.927486], [-147.387496, 60.927243], [-147.387567, 60.926992], [-147.387577, 60.926292], [-147.387631, 60.926211], [-147.38798, 60.926012], [-147.388273, 60.925913], [-147.389229, 60.925668], [-147.389486, 60.92555], [-147.390543, 60.924541], [-147.390836, 60.924325], [-147.390965, 60.92428], [-147.391518, 60.924251], [-147.392404, 60.924294], [-147.392754, 60.924266], [-147.393066, 60.924175], [-147.393323, 60.924049], [-147.393379, 60.92401], [-147.394717, 60.924242]], [[-147.39222, 60.924535], [-147.392395, 60.92458], [-147.392635, 60.924524], [-147.39273, 60.92438], [-147.392495, 60.92432], [-147.392198, 60.924317], [-147.392134, 60.924418], [-147.39222, 60.924535]], [[-147.387684, 60.928002], [-147.387859, 60.928076], [-147.388038, 60.928063], [-147.387985, 60.927903], [-147.387808, 60.927858], [-147.387656, 60.927943], [-147.387684, 60.928002]]], [[[-147.404871, 61.007491], [-147.4063, 61.007079], [-147.407806, 61.006737], [-147.409374, 61.006467], [-147.41099, 61.006273], [-147.412637, 61.006156], [-147.4143, 61.006118], [-147.415963, 61.006158], [-147.41761, 61.006276], [-147.419225, 61.006472], [-147.420792, 61.006743], [-147.422296, 61.007087], [-147.423724, 61.0075], [-147.42506, 61.007978], [-147.426293, 61.008517], [-147.427411, 61.009112], [-147.427808, 61.009371], [-147.427411, 61.009416], [-147.42693, 61.009472], [-147.425586, 61.009844], [-147.424592, 61.010224], [-147.424371, 61.010323], [-147.424187, 61.01036], [-147.423799, 61.010406], [-147.42354, 61.010389], [-147.423188, 61.010354], [-147.421387, 61.009821], [-147.420794, 61.009688], [-147.420589, 61.009644], [-147.419868, 61.00961], [-147.419756, 61.009601], [-147.41948, 61.009647], [-147.418763, 61.009954], [-147.418671, 61.009999], [-147.418506, 61.010135], [-147.418415, 61.010243], [-147.41827, 61.010449], [-147.418115, 61.011339], [-147.418146, 61.012263], [-147.418316, 61.012604], [-147.418393, 61.012774], [-147.418505, 61.012864], [-147.418692, 61.013034], [-147.418767, 61.01315], [-147.419269, 61.013328], [-147.419568, 61.013507], [-147.420077, 61.014286], [-147.420156, 61.014627], [-147.42014, 61.014897], [-147.420106, 61.015085], [-147.419969, 61.015894], [-147.419934, 61.016082], [-147.419881, 61.016244], [-147.419864, 61.016343], [-147.419385, 61.016524], [-147.417725, 61.016915], [-147.417302, 61.017042], [-147.417155, 61.017159], [-147.417082, 61.017249], [-147.417047, 61.017339], [-147.416992, 61.017393], [-147.416956, 61.017537], [-147.416455, 61.017367], [-147.416048, 61.017351], [-147.415586, 61.017406], [-147.413908, 61.017815], [-147.413795, 61.017725], [-147.413795, 61.017627], [-147.413922, 61.017465], [-147.414176, 61.017132], [-147.414211, 61.016979], [-147.414293, 61.01618], [-147.414365, 61.015982], [-147.414491, 61.015748], [-147.414652, 61.015335], [-147.414702, 61.014886], [-147.414554, 61.014868], [-147.414184, 61.014879], [-147.413834, 61.014951], [-147.412394, 61.015171], [-147.41195, 61.015199], [-147.411506, 61.015165], [-147.411024, 61.015112], [-147.410671, 61.014997], [-147.410262, 61.014836], [-147.410002, 61.014729], [-147.408849, 61.014257], [-147.408551, 61.014132], [-147.408328, 61.014043], [-147.407326, 61.013759], [-147.407048, 61.013687], [-147.406807, 61.013661], [-147.406214, 61.0136], [-147.406011, 61.013601], [-147.405862, 61.013583], [-147.405769, 61.01353], [-147.405897, 61.013368], [-147.406174, 61.013331], [-147.406707, 61.013105], [-147.406724, 61.013024], [-147.406686, 61.012926], [-147.40677, 61.012261], [-147.406956, 61.012296], [-147.407031, 61.01235], [-147.407406, 61.012771], [-147.40761, 61.012806], [-147.407851, 61.012868], [-147.408425, 61.012938], [-147.408516, 61.012839], [-147.408478, 61.012723], [-147.408383, 61.012508], [-147.408399, 61.012319], [-147.408542, 61.011977], [-147.408485, 61.011825], [-147.408335, 61.011655], [-147.408111, 61.011494], [-147.40785, 61.011333], [-147.407552, 61.011154], [-147.407234, 61.010913], [-147.406896, 61.010519], [-147.406331, 61.009731], [-147.406237, 61.009542], [-147.406161, 61.009399], [-147.406208, 61.008779], [-147.406299, 61.008671], [-147.406388, 61.008384], [-147.40622, 61.00825], [-147.405665, 61.008206], [-147.404829, 61.007939], [-147.40468, 61.00785], [-147.404605, 61.007779], [-147.404548, 61.007653], [-147.40454, 61.007609], [-147.404871, 61.007491]]], [[[-147.417844, 60.95714], [-147.41825, 60.956362], [-147.418811, 60.955606], [-147.419523, 60.954881], [-147.420379, 60.954194], [-147.421371, 60.95355], [-147.422488, 60.952956], [-147.423721, 60.952417], [-147.425056, 60.95194], [-147.426483, 60.951528], [-147.427986, 60.951186], [-147.429551, 60.950916], [-147.431164, 60.950722], [-147.432761, 60.950608], [-147.432623, 60.950712], [-147.432295, 60.951018], [-147.432223, 60.951189], [-147.432303, 60.95162], [-147.432287, 60.951799], [-147.432161, 60.952051], [-147.432034, 60.952213], [-147.43187, 60.952366], [-147.43176, 60.952438], [-147.431485, 60.952547], [-147.431153, 60.952611], [-147.429161, 60.952743], [-147.428811, 60.95278], [-147.428664, 60.952816], [-147.428444, 60.952933], [-147.428298, 60.953078], [-147.42792, 60.953779], [-147.427774, 60.953932], [-147.427443, 60.954014], [-147.426761, 60.954124], [-147.426486, 60.954232], [-147.426394, 60.954304], [-147.426304, 60.954466], [-147.426288, 60.954646], [-147.426403, 60.954897], [-147.426645, 60.95513], [-147.427203, 60.955361], [-147.427222, 60.955433], [-147.427056, 60.955461], [-147.426426, 60.955283], [-147.42626, 60.955274], [-147.42591, 60.955302], [-147.425594, 60.955214], [-147.425243, 60.955179], [-147.424708, 60.955199], [-147.424542, 60.955244], [-147.424414, 60.955307], [-147.424415, 60.955379], [-147.42449, 60.955468], [-147.425161, 60.955987], [-147.425405, 60.956211], [-147.425499, 60.956381], [-147.425577, 60.95665], [-147.42569, 60.956811], [-147.425913, 60.956936], [-147.426191, 60.957043], [-147.4271, 60.957337], [-147.427415, 60.957417], [-147.427748, 60.957461], [-147.428117, 60.957468], [-147.428283, 60.95745], [-147.42889, 60.95725], [-147.429203, 60.957187], [-147.429368, 60.957168], [-147.42972, 60.957194], [-147.430423, 60.957291], [-147.43059, 60.957335], [-147.43085, 60.957451], [-147.43139, 60.957799], [-147.432522, 60.958218], [-147.432634, 60.958289], [-147.432708, 60.95837], [-147.432844, 60.9588], [-147.433049, 60.958943], [-147.433439, 60.959122], [-147.433624, 60.959148], [-147.43379, 60.95913], [-147.433937, 60.959075], [-147.433954, 60.958985], [-147.433674, 60.958771], [-147.43371, 60.95869], [-147.434004, 60.95859], [-147.434355, 60.95858], [-147.434873, 60.95865], [-147.435003, 60.958713], [-147.435024, 60.958883], [-147.434693, 60.959028], [-147.434307, 60.959164], [-147.433923, 60.959381], [-147.433555, 60.959534], [-147.433242, 60.959607], [-147.432689, 60.959636], [-147.432338, 60.959601], [-147.432189, 60.959557], [-147.431966, 60.959423], [-147.431481, 60.959056], [-147.431221, 60.958931], [-147.430924, 60.958833], [-147.430442, 60.958709], [-147.430109, 60.958647], [-147.429942, 60.95863], [-147.429592, 60.958649], [-147.42926, 60.958731], [-147.429132, 60.958794], [-147.429059, 60.958866], [-147.428988, 60.959046], [-147.429026, 60.959126], [-147.429101, 60.959207], [-147.429586, 60.959565], [-147.429682, 60.959825], [-147.429145, 60.959746], [-147.428997, 60.959701], [-147.428662, 60.959514], [-147.427917, 60.959022], [-147.427638, 60.958897], [-147.427489, 60.958853], [-147.427156, 60.9588], [-147.426805, 60.958774], [-147.42555, 60.958805], [-147.425124, 60.958735], [-147.424679, 60.958592], [-147.424194, 60.958235], [-147.423971, 60.958092], [-147.423451, 60.957851], [-147.423024, 60.957708], [-147.422524, 60.957611], [-147.42184, 60.957515], [-147.421286, 60.957552], [-147.421139, 60.957579], [-147.42101, 60.957643], [-147.420718, 60.957859], [-147.420591, 60.95803], [-147.420309, 60.959063], [-147.420202, 60.959315], [-147.420075, 60.959486], [-147.419873, 60.959612], [-147.419395, 60.959749], [-147.419139, 60.959974], [-147.418534, 60.96029], [-147.417935, 60.960516], [-147.417838, 60.96033], [-147.417596, 60.959536], [-147.417516, 60.958734], [-147.417599, 60.957933], [-147.417844, 60.95714]], [[-147.423986, 60.955518], [-147.424104, 60.955533], [-147.424253, 60.95552], [-147.424343, 60.955492], [-147.424139, 60.955389], [-147.423899, 60.955444], [-147.423986, 60.955518]], [[-147.423588, 60.955819], [-147.423943, 60.95588], [-147.424153, 60.955809], [-147.424126, 60.955736], [-147.424009, 60.955692], [-147.42386, 60.955705], [-147.423588, 60.955819]], [[-147.424419, 60.955855], [-147.424384, 60.956], [-147.424592, 60.955987], [-147.424685, 60.955901], [-147.42466, 60.955784], [-147.42445, 60.955826], [-147.424419, 60.955855]], [[-147.42662, 60.957455], [-147.426682, 60.957368], [-147.426511, 60.957348], [-147.426417, 60.957308], [-147.426414, 60.957381], [-147.42662, 60.957455]], [[-147.428301, 60.957789], [-147.428449, 60.95782], [-147.428543, 60.957704], [-147.428456, 60.957631], [-147.42819, 60.957599], [-147.428188, 60.957658], [-147.428301, 60.957789]], [[-147.430409, 60.95788], [-147.430708, 60.957825], [-147.430533, 60.957751], [-147.430384, 60.957764], [-147.430236, 60.957749], [-147.430263, 60.957821], [-147.430409, 60.95788]], [[-147.428413, 60.958008], [-147.428439, 60.958095], [-147.428619, 60.958053], [-147.428622, 60.957966], [-147.428386, 60.95792], [-147.428325, 60.957963], [-147.428413, 60.958008]], [[-147.424682, 60.958424], [-147.424889, 60.95844], [-147.425188, 60.958399], [-147.425281, 60.958299], [-147.425282, 60.958255], [-147.424986, 60.958209], [-147.424655, 60.958336], [-147.424682, 60.958424]], [[-147.428306, 60.958485], [-147.428422, 60.958559], [-147.42869, 60.958547], [-147.428724, 60.958431], [-147.428459, 60.958371], [-147.428219, 60.958412], [-147.428306, 60.958485]], [[-147.431508, 60.958731], [-147.431625, 60.958761], [-147.43186, 60.958836], [-147.432073, 60.958722], [-147.431718, 60.958661], [-147.431569, 60.958673], [-147.431508, 60.958731]]], [[[-147.495998, 61.009153], [-147.495437, 61.009908], [-147.494726, 61.010634], [-147.49387, 61.011322], [-147.492878, 61.011966], [-147.49176, 61.012561], [-147.491382, 61.012726], [-147.491378, 61.012725], [-147.491173, 61.012636], [-147.491131, 61.012304], [-147.49124, 61.012133], [-147.491589, 61.011988], [-147.491643, 61.011925], [-147.491678, 61.011781], [-147.490767, 61.01147], [-147.490489, 61.011417], [-147.490321, 61.011328], [-147.490208, 61.011194], [-147.490188, 61.011077], [-147.490405, 61.010762], [-147.490421, 61.010636], [-147.490382, 61.010475], [-147.490325, 61.010376], [-147.490176, 61.010332], [-147.489992, 61.01036], [-147.489901, 61.010441], [-147.489791, 61.01054], [-147.489662, 61.010558], [-147.489532, 61.010559], [-147.489545, 61.010209], [-147.489489, 61.010119], [-147.489283, 61.009931], [-147.489078, 61.009869], [-147.488874, 61.009852], [-147.488708, 61.009897], [-147.488596, 61.011029], [-147.488655, 61.011208], [-147.489011, 61.011521], [-147.489031, 61.011638], [-147.489033, 61.011781], [-147.488961, 61.011925], [-147.488963, 61.012015], [-147.48902, 61.012159], [-147.489078, 61.012284], [-147.489061, 61.012383], [-147.48897, 61.012473], [-147.488823, 61.012572], [-147.488547, 61.012645], [-147.487697, 61.012693], [-147.48742, 61.012712], [-147.487273, 61.012775], [-147.487126, 61.012847], [-147.486887, 61.012947], [-147.486037, 61.013004], [-147.485797, 61.013041], [-147.485613, 61.013113], [-147.485522, 61.013185], [-147.485413, 61.013329], [-147.485178, 61.013743], [-147.485052, 61.013923], [-147.484469, 61.014553], [-147.484245, 61.014366], [-147.484224, 61.014213], [-147.483791, 61.013739], [-147.483604, 61.013605], [-147.483529, 61.013515], [-147.483321, 61.013202], [-147.483372, 61.012905], [-147.483711, 61.012087], [-147.48369, 61.011953], [-147.48367, 61.0118], [-147.483576, 61.011729], [-147.48301, 61.010985], [-147.483008, 61.010842], [-147.482968, 61.01068], [-147.482965, 61.010492], [-147.483102, 61.009701], [-147.483037, 61.009136], [-147.48285, 61.008975], [-147.482626, 61.008814], [-147.481155, 61.008155], [-147.481134, 61.008003], [-147.48117, 61.007922], [-147.481205, 61.007787], [-147.48131, 61.007401], [-147.481179, 61.007311], [-147.481031, 61.007285], [-147.480883, 61.007285], [-147.480476, 61.007278], [-147.480327, 61.007188], [-147.480215, 61.007117], [-147.479692, 61.006769], [-147.479726, 61.006625], [-147.479928, 61.006499], [-147.480661, 61.006083], [-147.480567, 61.005931], [-147.480417, 61.005815], [-147.48023, 61.005672], [-147.479987, 61.005466], [-147.479966, 61.00534], [-147.47998, 61.00499], [-147.480217, 61.00481], [-147.4804, 61.004675], [-147.480894, 61.004278], [-147.481075, 61.004089], [-147.481294, 61.003846], [-147.481438, 61.00363], [-147.481651, 61.003036], [-147.481647, 61.002776], [-147.481626, 61.002588], [-147.481512, 61.002373], [-147.481399, 61.002229], [-147.48123, 61.002095], [-147.480355, 61.001694], [-147.480168, 61.00156], [-147.480035, 61.001318], [-147.479784, 61.000547], [-147.479707, 61.000395], [-147.479685, 61.00017], [-147.479739, 61.000062], [-147.479829, 60.999901], [-147.479902, 60.999811], [-147.479972, 60.999568], [-147.480377, 60.999423], [-147.480096, 60.9992], [-147.47939, 60.998942], [-147.479017, 60.998745], [-147.47883, 60.998602], [-147.478792, 60.998522], [-147.478769, 60.998261], [-147.478486, 60.997849], [-147.478611, 60.997597], [-147.478496, 60.997257], [-147.478506, 60.996736], [-147.478465, 60.996476], [-147.47835, 60.996216], [-147.47818, 60.995974], [-147.477751, 60.995688], [-147.477601, 60.995536], [-147.477598, 60.995365], [-147.477739, 60.994934], [-147.477681, 60.994754], [-147.477568, 60.994593], [-147.477474, 60.994513], [-147.477251, 60.994388], [-147.476189, 60.993922], [-147.476441, 60.993788], [-147.476447, 60.993789], [-147.476575, 60.993744], [-147.476624, 60.993695], [-147.477813, 60.993176], [-147.47915, 60.992698], [-147.479857, 60.992494], [-147.480219, 60.992681], [-147.480684, 60.992814], [-147.481074, 60.992992], [-147.481317, 60.993126], [-147.481821, 60.993483], [-147.482324, 60.993724], [-147.482456, 60.993885], [-147.482686, 60.994396], [-147.482893, 60.994638], [-147.483061, 60.994799], [-147.483527, 60.995049], [-147.484588, 60.995521], [-147.48483, 60.995646], [-147.484906, 60.995717], [-147.484945, 60.995906], [-147.48493, 60.996094], [-147.485098, 60.996237], [-147.485396, 60.996398], [-147.485695, 60.996603], [-147.485846, 60.996764], [-147.486167, 60.997257], [-147.486318, 60.997427], [-147.486542, 60.997552], [-147.487473, 60.997962], [-147.487808, 60.998158], [-147.488034, 60.9984], [-147.488506, 60.999053], [-147.489011, 60.999411], [-147.488958, 60.999573], [-147.48883, 60.999654], [-147.488775, 60.999708], [-147.488259, 60.999799], [-147.488019, 60.999872], [-147.487965, 60.999962], [-147.487967, 61.000061], [-147.487987, 61.00016], [-147.488007, 61.000267], [-147.488008, 61.000366], [-147.487937, 61.00051], [-147.487827, 61.000564], [-147.487735, 61.000618], [-147.487662, 61.000708], [-147.487738, 61.000807], [-147.487721, 61.000915], [-147.487741, 61.000986], [-147.487744, 61.00122], [-147.486886, 61.001932], [-147.486832, 61.002022], [-147.486796, 61.002121], [-147.487369, 61.002056], [-147.487664, 61.002001], [-147.487848, 61.001982], [-147.488052, 61.002027], [-147.488256, 61.002089], [-147.488461, 61.002124], [-147.489047, 61.00179], [-147.489194, 61.001744], [-147.489417, 61.001761], [-147.489884, 61.00211], [-147.489996, 61.00219], [-147.491663, 61.002391], [-147.492052, 61.002389], [-147.492551, 61.002424], [-147.493317, 61.002897], [-147.493466, 61.003004], [-147.493763, 61.003084], [-147.494096, 61.003083], [-147.494411, 61.003144], [-147.494102, 61.003442], [-147.493918, 61.003505], [-147.493735, 61.003649], [-147.493626, 61.003748], [-147.493497, 61.003785], [-147.493443, 61.003893], [-147.493426, 61.003974], [-147.493501, 61.004036], [-147.493613, 61.004126], [-147.494008, 61.004546], [-147.494067, 61.004761], [-147.494069, 61.004896], [-147.493942, 61.005049], [-147.493721, 61.005149], [-147.493519, 61.005248], [-147.493642, 61.006029], [-147.493792, 61.006145], [-147.493923, 61.006252], [-147.49435, 61.00634], [-147.494499, 61.006403], [-147.495636, 61.008185], [-147.496092, 61.008972], [-147.495998, 61.009153]], [[-147.484015, 60.996018], [-147.484282, 60.996035], [-147.484345, 60.995933], [-147.484347, 60.995876], [-147.4842, 60.995845], [-147.48396, 60.995901], [-147.484015, 60.996018]], [[-147.485739, 60.997772], [-147.485885, 60.997861], [-147.486098, 60.997747], [-147.486131, 60.997631], [-147.485896, 60.997556], [-147.485743, 60.997685], [-147.485739, 60.997772]], [[-147.486699, 60.998171], [-147.486719, 60.998252], [-147.486813, 60.998332], [-147.486979, 60.998367], [-147.487146, 60.998358], [-147.487218, 60.998277], [-147.487199, 60.998187], [-147.48705, 60.998134], [-147.486828, 60.998144], [-147.486699, 60.998171]], [[-147.487833, 61.005816], [-147.487741, 61.005897], [-147.488122, 61.006596], [-147.488271, 61.006667], [-147.488531, 61.00672], [-147.488826, 61.006674], [-147.489046, 61.006566], [-147.489044, 61.006413], [-147.488817, 61.006127], [-147.488461, 61.005787], [-147.488386, 61.005751], [-147.488201, 61.005743], [-147.488053, 61.005743], [-147.487833, 61.005816]], [[-147.492061, 61.009024], [-147.492045, 61.009212], [-147.49183, 61.009662], [-147.491868, 61.009671], [-147.492071, 61.009679], [-147.492274, 61.009633], [-147.492403, 61.009579], [-147.492583, 61.009273], [-147.492617, 61.009103], [-147.492598, 61.009031], [-147.492541, 61.008932], [-147.492337, 61.008897], [-147.492189, 61.008906], [-147.492061, 61.009024]], [[-147.490364, 61.009272], [-147.490349, 61.009568], [-147.49052, 61.009882], [-147.490687, 61.009872], [-147.490835, 61.009845], [-147.490926, 61.009755], [-147.490919, 61.009297], [-147.490806, 61.009208], [-147.490713, 61.009145], [-147.490602, 61.009128], [-147.490417, 61.009164], [-147.490364, 61.009272]], [[-147.489013, 61.009223], [-147.488976, 61.009295], [-147.489126, 61.009375], [-147.489386, 61.009455], [-147.489812, 61.009516], [-147.489904, 61.009444], [-147.489902, 61.009328], [-147.489882, 61.009229], [-147.48977, 61.009157], [-147.489622, 61.009167], [-147.489013, 61.009223]], [[-147.494124, 61.009681], [-147.494181, 61.009734], [-147.494329, 61.009797], [-147.494514, 61.009733], [-147.494549, 61.009625], [-147.494492, 61.009554], [-147.494417, 61.009509], [-147.494159, 61.009537], [-147.494124, 61.009681]], [[-147.493053, 61.009783], [-147.49298, 61.009873], [-147.493073, 61.009927], [-147.493259, 61.009962], [-147.493406, 61.009917], [-147.493498, 61.009844], [-147.493533, 61.009728], [-147.493495, 61.009647], [-147.493494, 61.009611], [-147.493254, 61.009639], [-147.493053, 61.009783]], [[-147.493839, 61.0104], [-147.494135, 61.01039], [-147.494318, 61.010299], [-147.494444, 61.010057], [-147.494314, 61.009994], [-147.493746, 61.010337], [-147.493839, 61.0104]], [[-147.490984, 61.011146], [-147.491041, 61.011218], [-147.491225, 61.011217], [-147.491484, 61.011207], [-147.49178, 61.011179], [-147.491816, 61.011107], [-147.491796, 61.011018], [-147.491682, 61.010829], [-147.491497, 61.010803], [-147.491293, 61.010795], [-147.491165, 61.010885], [-147.490984, 61.011146]]], [[[-147.597915, 60.870476], [-147.598621, 60.86975], [-147.599127, 60.86934], [-147.599134, 60.869341], [-147.599318, 60.869322], [-147.599483, 60.869285], [-147.599629, 60.869222], [-147.599701, 60.869149], [-147.599512, 60.868908], [-147.599583, 60.868737], [-147.599599, 60.868647], [-147.599112, 60.868182], [-147.598978, 60.867931], [-147.598935, 60.867581], [-147.598968, 60.86741], [-147.599059, 60.867338], [-147.599205, 60.867283], [-147.600399, 60.867099], [-147.602121, 60.866642], [-147.60247, 60.866605], [-147.602636, 60.866613], [-147.602766, 60.866675], [-147.602823, 60.866774], [-147.602892, 60.867465], [-147.60306, 60.867617], [-147.603302, 60.867742], [-147.603617, 60.867812], [-147.604169, 60.867828], [-147.604869, 60.867825], [-147.605402, 60.867777], [-147.606266, 60.867675], [-147.607111, 60.867545], [-147.607771, 60.867408], [-147.608412, 60.867252], [-147.608998, 60.867052], [-147.6094, 60.866889], [-147.609618, 60.866753], [-147.61018, 60.866301], [-147.61038, 60.866166], [-147.610545, 60.866129], [-147.61071, 60.866101], [-147.611317, 60.866045], [-147.611483, 60.866044], [-147.611594, 60.866071], [-147.611613, 60.866133], [-147.611418, 60.866502], [-147.611459, 60.866754], [-147.611703, 60.866986], [-147.612187, 60.867244], [-147.612632, 60.867386], [-147.613428, 60.86758], [-147.614129, 60.867658], [-147.615697, 60.867795], [-147.61603, 60.867865], [-147.616086, 60.867936], [-147.615727, 60.868432], [-147.615657, 60.868603], [-147.615612, 60.869124], [-147.615616, 60.870256], [-147.615569, 60.870687], [-147.615461, 60.870849], [-147.615118, 60.871156], [-147.615051, 60.871506], [-147.614962, 60.871669], [-147.614781, 60.871822], [-147.614091, 60.872328], [-147.613893, 60.872571], [-147.613898, 60.872823], [-147.613997, 60.873173], [-147.61413, 60.873424], [-147.614659, 60.874068], [-147.614684, 60.874418], [-147.614201, 60.874187], [-147.613715, 60.873821], [-147.613361, 60.873634], [-147.61271, 60.873331], [-147.611969, 60.873092], [-147.611857, 60.873021], [-147.611688, 60.872869], [-147.611365, 60.872367], [-147.611197, 60.872224], [-147.610713, 60.871975], [-147.609711, 60.871593], [-147.609397, 60.871523], [-147.609212, 60.871505], [-147.608679, 60.871526], [-147.608183, 60.871618], [-147.607563, 60.871935], [-147.607398, 60.871954], [-147.607029, 60.871955], [-147.606863, 60.87192], [-147.606788, 60.871849], [-147.606561, 60.871517], [-147.606186, 60.871214], [-147.606203, 60.871133], [-147.606276, 60.871052], [-147.60673, 60.870789], [-147.606928, 60.870537], [-147.606946, 60.870456], [-147.606925, 60.870366], [-147.60685, 60.870286], [-147.606702, 60.870232], [-147.606554, 60.870197], [-147.606185, 60.87019], [-147.605873, 60.870254], [-147.60569, 60.870264], [-147.604822, 60.870169], [-147.604529, 60.870278], [-147.603672, 60.870713], [-147.603323, 60.870777], [-147.602808, 60.870797], [-147.601923, 60.870747], [-147.60159, 60.870677], [-147.601479, 60.870615], [-147.601603, 60.870363], [-147.601491, 60.870291], [-147.601046, 60.870149], [-147.60088, 60.870132], [-147.600696, 60.870151], [-147.597986, 60.87098], [-147.597637, 60.871027], [-147.597509, 60.871028], [-147.597915, 60.870476]]], [[[-147.668739, 60.885307], [-147.670396, 60.885344], [-147.672038, 60.885459], [-147.673648, 60.885652], [-147.675211, 60.88592], [-147.676713, 60.886261], [-147.678138, 60.886671], [-147.679474, 60.887147], [-147.680706, 60.887684], [-147.681824, 60.888277], [-147.682816, 60.88892], [-147.683673, 60.889607], [-147.684387, 60.890331], [-147.684622, 60.890645], [-147.683903, 60.89049], [-147.683809, 60.890428], [-147.683784, 60.890078], [-147.683708, 60.889997], [-147.683615, 60.889926], [-147.683447, 60.889873], [-147.683281, 60.889856], [-147.682581, 60.889841], [-147.682396, 60.889806], [-147.682284, 60.889753], [-147.682227, 60.889673], [-147.682223, 60.889484], [-147.682419, 60.889142], [-147.682415, 60.888989], [-147.682249, 60.888954], [-147.682046, 60.888946], [-147.681513, 60.889012], [-147.681347, 60.889013], [-147.681033, 60.888942], [-147.680087, 60.888669], [-147.679939, 60.888643], [-147.679774, 60.88868], [-147.679538, 60.888824], [-147.679412, 60.888986], [-147.679245, 60.889768], [-147.679104, 60.890101], [-147.678995, 60.890165], [-147.678684, 60.890274], [-147.678575, 60.890337], [-147.678414, 60.89059], [-147.678324, 60.890662], [-147.677885, 60.890808], [-147.677687, 60.891051], [-147.677522, 60.891079], [-147.677338, 60.891089], [-147.676987, 60.891055], [-147.676838, 60.89101], [-147.676726, 60.890939], [-147.676594, 60.890778], [-147.676553, 60.890599], [-147.676589, 60.890518], [-147.677072, 60.88986], [-147.677034, 60.889779], [-147.676922, 60.889708], [-147.676476, 60.889558], [-147.676236, 60.889523], [-147.676071, 60.88956], [-147.675651, 60.889732], [-147.675504, 60.889751], [-147.675153, 60.889708], [-147.674968, 60.8897], [-147.674859, 60.889754], [-147.674861, 60.889853], [-147.674789, 60.889934], [-147.674662, 60.889998], [-147.674515, 60.890025], [-147.67433, 60.890026], [-147.673979, 60.889974], [-147.673516, 60.889842], [-147.673349, 60.889816], [-147.673165, 60.889799], [-147.672815, 60.889809], [-147.672485, 60.889874], [-147.672027, 60.890011], [-147.671753, 60.89012], [-147.671516, 60.890247], [-147.671045, 60.890617], [-147.670808, 60.890753], [-147.670534, 60.890862], [-147.670057, 60.890981], [-147.66993, 60.891036], [-147.66973, 60.89118], [-147.669641, 60.891351], [-147.669554, 60.891603], [-147.669087, 60.892171], [-147.66898, 60.892333], [-147.668965, 60.892513], [-147.669024, 60.892683], [-147.669175, 60.892835], [-147.669474, 60.893049], [-147.669549, 60.893129], [-147.669551, 60.893219], [-147.669372, 60.893471], [-147.669172, 60.893616], [-147.669044, 60.89368], [-147.668897, 60.893671], [-147.66873, 60.893618], [-147.668189, 60.893271], [-147.667946, 60.893146], [-147.667168, 60.892935], [-147.667056, 60.892872], [-147.666867, 60.892622], [-147.666773, 60.892551], [-147.666661, 60.89247], [-147.666512, 60.892417], [-147.666181, 60.892419], [-147.665096, 60.892514], [-147.664746, 60.892534], [-147.664413, 60.89249], [-147.663932, 60.892367], [-147.663765, 60.892341], [-147.663231, 60.892344], [-147.6629, 60.892399], [-147.662278, 60.892573], [-147.661763, 60.892638], [-147.661598, 60.892675], [-147.661324, 60.892784], [-147.661159, 60.892803], [-147.660789, 60.892769], [-147.66016, 60.89261], [-147.659975, 60.892584], [-147.659846, 60.89263], [-147.659628, 60.892774], [-147.659189, 60.89292], [-147.658989, 60.893065], [-147.658302, 60.893669], [-147.657809, 60.893923], [-147.657609, 60.894077], [-147.657611, 60.894158], [-147.657744, 60.894328], [-147.657986, 60.894452], [-147.658785, 60.894798], [-147.658824, 60.894888], [-147.658624, 60.895033], [-147.658369, 60.89515], [-147.658038, 60.895197], [-147.656951, 60.895238], [-147.656805, 60.895275], [-147.656696, 60.895347], [-147.656661, 60.895437], [-147.656646, 60.895608], [-147.656688, 60.895868], [-147.656804, 60.896119], [-147.657066, 60.896351], [-147.65729, 60.896484], [-147.657772, 60.896617], [-147.658032, 60.896723], [-147.658071, 60.896804], [-147.658095, 60.897073], [-147.658339, 60.897305], [-147.658211, 60.897369], [-147.658027, 60.897379], [-147.657492, 60.897327], [-147.657326, 60.897328], [-147.656831, 60.897456], [-147.656684, 60.897475], [-147.656536, 60.89744], [-147.65596, 60.897209], [-147.655609, 60.897166], [-147.655443, 60.897167], [-147.655259, 60.897186], [-147.654947, 60.897268], [-147.654564, 60.897449], [-147.654383, 60.897603], [-147.654259, 60.897855], [-147.654263, 60.898025], [-147.654342, 60.898285], [-147.654455, 60.898446], [-147.655072, 60.898883], [-147.655298, 60.899116], [-147.654561, 60.89911], [-147.654211, 60.899121], [-147.653569, 60.899259], [-147.653219, 60.899305], [-147.652851, 60.899316], [-147.6518, 60.899294], [-147.651617, 60.899322], [-147.65147, 60.899367], [-147.651342, 60.899431], [-147.65127, 60.899503], [-147.651183, 60.899764], [-147.651188, 60.900024], [-147.651247, 60.900195], [-147.651418, 60.900445], [-147.651717, 60.900659], [-147.652704, 60.901157], [-147.653209, 60.901514], [-147.652529, 60.901625], [-147.652365, 60.901706], [-147.652255, 60.901725], [-147.652152, 60.901205], [-147.652002, 60.901053], [-147.651723, 60.900938], [-147.651426, 60.900831], [-147.651111, 60.900761], [-147.65076, 60.900709], [-147.65041, 60.90071], [-147.649876, 60.900758], [-147.649601, 60.900858], [-147.649219, 60.901048], [-147.648944, 60.901157], [-147.64876, 60.901167], [-147.648391, 60.901142], [-147.64804, 60.90109], [-147.647928, 60.901055], [-147.647908, 60.900965], [-147.647998, 60.900875], [-147.648566, 60.900665], [-147.648675, 60.900602], [-147.648747, 60.900521], [-147.648817, 60.90035], [-147.648797, 60.90026], [-147.648704, 60.900189], [-147.64785, 60.899879], [-147.647811, 60.899789], [-147.647934, 60.899519], [-147.64819, 60.899392], [-147.648281, 60.89932], [-147.648387, 60.899149], [-147.648404, 60.899059], [-147.648384, 60.898978], [-147.648291, 60.898916], [-147.647678, 60.898703], [-147.647566, 60.898641], [-147.647398, 60.898489], [-147.64717, 60.898158], [-147.646665, 60.897802], [-147.646626, 60.897712], [-147.646662, 60.897631], [-147.646874, 60.897208], [-147.646843, 60.896598], [-147.646934, 60.896525], [-147.647227, 60.896425], [-147.647336, 60.896353], [-147.648892, 60.8949], [-147.64911, 60.894755], [-147.649493, 60.894574], [-147.650553, 60.894111], [-147.650936, 60.893929], [-147.651117, 60.893785], [-147.651315, 60.893533], [-147.651424, 60.893478], [-147.65159, 60.89345], [-147.653376, 60.893397], [-147.653725, 60.893341], [-147.653872, 60.893296], [-147.654274, 60.893123], [-147.654439, 60.893096], [-147.654974, 60.893111], [-147.655157, 60.893092], [-147.655597, 60.892955], [-147.655946, 60.892909], [-147.656112, 60.892926], [-147.656445, 60.892996], [-147.656854, 60.893165], [-147.656929, 60.893236], [-147.656953, 60.893505], [-147.657047, 60.893586], [-147.657177, 60.893639], [-147.657343, 60.893656], [-147.657711, 60.893636], [-147.657911, 60.893501], [-147.658397, 60.892933], [-147.658616, 60.892797], [-147.659017, 60.892624], [-147.659126, 60.892561], [-147.659141, 60.892382], [-147.659112, 60.892065], [-147.659094, 60.891861], [-147.659125, 60.891609], [-147.659247, 60.891268], [-147.659515, 60.890853], [-147.659659, 60.890691], [-147.65995, 60.890474], [-147.66106, 60.889796], [-147.661222, 60.889642], [-147.661399, 60.889291], [-147.661834, 60.888912], [-147.66196, 60.88875], [-147.66203, 60.888579], [-147.662006, 60.888319], [-147.661758, 60.887907], [-147.661793, 60.887817], [-147.664905, 60.886814], [-147.66516, 60.886696], [-147.665378, 60.886551], [-147.665577, 60.886407], [-147.665831, 60.886172], [-147.66603, 60.886036], [-147.666286, 60.885927], [-147.667164, 60.885627], [-147.667292, 60.885554], [-147.667364, 60.885473], [-147.667427, 60.88534], [-147.668739, 60.885307]], [[-147.677067, 60.888092], [-147.677128, 60.888149], [-147.677364, 60.88809], [-147.677271, 60.887931], [-147.677032, 60.887875], [-147.676946, 60.888005], [-147.677067, 60.888092]], [[-147.662211, 60.888394], [-147.662389, 60.888408], [-147.662591, 60.888189], [-147.662353, 60.888147], [-147.662178, 60.888264], [-147.662211, 60.888394]], [[-147.676777, 60.888354], [-147.676952, 60.888237], [-147.676862, 60.888194], [-147.676744, 60.888224], [-147.676777, 60.888354]], [[-147.665517, 60.888804], [-147.665389, 60.888868], [-147.665317, 60.888949], [-147.665214, 60.889299], [-147.664962, 60.889615], [-147.664964, 60.889705], [-147.665003, 60.889794], [-147.665151, 60.889847], [-147.665793, 60.889701], [-147.666493, 60.889697], [-147.666842, 60.88965], [-147.667281, 60.889496], [-147.667444, 60.889342], [-147.667514, 60.889171], [-147.667511, 60.889001], [-147.667435, 60.88892], [-147.667305, 60.888858], [-147.666972, 60.888788], [-147.666805, 60.888771], [-147.665737, 60.888776], [-147.665517, 60.888804]], [[-147.674934, 60.889408], [-147.675112, 60.889392], [-147.675108, 60.889248], [-147.674843, 60.889307], [-147.674934, 60.889408]], [[-147.672179, 60.889555], [-147.672295, 60.889467], [-147.672147, 60.889482], [-147.672027, 60.889439], [-147.672029, 60.889498], [-147.672179, 60.889555]], [[-147.671528, 60.889645], [-147.671559, 60.889688], [-147.671738, 60.889716], [-147.671764, 60.889586], [-147.671616, 60.889586], [-147.671528, 60.889645]], [[-147.671003, 60.889996], [-147.671272, 60.890081], [-147.671448, 60.890008], [-147.671386, 60.889892], [-147.671206, 60.889835], [-147.671, 60.889909], [-147.671003, 60.889996]], [[-147.647538, 60.896587], [-147.64748, 60.896492], [-147.647416, 60.896428], [-147.647418, 60.896544], [-147.647538, 60.896587]], [[-147.657143, 60.897175], [-147.657409, 60.897116], [-147.657437, 60.897029], [-147.657287, 60.896986], [-147.657051, 60.897046], [-147.657143, 60.897175]], [[-147.648395, 60.898659], [-147.648572, 60.898644], [-147.648747, 60.898512], [-147.648539, 60.89847], [-147.648274, 60.898587], [-147.648395, 60.898659]], [[-147.653438, 60.89369], [-147.653617, 60.893732], [-147.653672, 60.893558], [-147.653492, 60.893486], [-147.653317, 60.893575], [-147.653438, 60.89369]]], [[[-147.684951, 60.891086], [-147.685297, 60.891746], [-147.685145, 60.891714], [-147.684869, 60.891742], [-147.68443, 60.891897], [-147.68421, 60.891952], [-147.683972, 60.892034], [-147.683501, 60.892404], [-147.683318, 60.892432], [-147.683169, 60.892388], [-147.682996, 60.892048], [-147.682827, 60.891887], [-147.682679, 60.891843], [-147.682531, 60.891826], [-147.681978, 60.89182], [-147.681811, 60.891784], [-147.681791, 60.891695], [-147.682853, 60.891393], [-147.683143, 60.891158], [-147.683271, 60.891104], [-147.683418, 60.891076], [-147.683969, 60.891028], [-147.6843, 60.890964], [-147.684611, 60.890882], [-147.684739, 60.890818], [-147.684746, 60.890811], [-147.684951, 60.891086]]], [[[-147.671234, 60.958506], [-147.671148, 60.957705], [-147.671225, 60.956903], [-147.671464, 60.956109], [-147.671476, 60.956086], [-147.671246, 60.955853], [-147.670681, 60.955098], [-147.670273, 60.954321], [-147.670024, 60.953528], [-147.669938, 60.952726], [-147.669945, 60.952647], [-147.669768, 60.952079], [-147.669681, 60.951278], [-147.669758, 60.950476], [-147.669979, 60.949743], [-147.670083, 60.949794], [-147.670422, 60.950098], [-147.670552, 60.95016], [-147.671088, 60.950175], [-147.671218, 60.95022], [-147.671648, 60.950505], [-147.671814, 60.950504], [-147.672782, 60.949987], [-147.673185, 60.949824], [-147.673643, 60.949687], [-147.675222, 60.949275], [-147.677132, 60.948807], [-147.678455, 60.94854], [-147.6795, 60.948212], [-147.67985, 60.948156], [-147.680035, 60.948155], [-147.680183, 60.94819], [-147.680314, 60.948261], [-147.680371, 60.948342], [-147.680373, 60.948432], [-147.680047, 60.948739], [-147.67923, 60.949416], [-147.678942, 60.949723], [-147.678927, 60.949902], [-147.679023, 60.950073], [-147.679341, 60.950286], [-147.67949, 60.95033], [-147.679823, 60.950392], [-147.680544, 60.950433], [-147.68106, 60.950385], [-147.681906, 60.950237], [-147.682256, 60.950209], [-147.682625, 60.950216], [-147.682959, 60.950259], [-147.683941, 60.950451], [-147.685013, 60.950527], [-147.685143, 60.950571], [-147.68509, 60.950652], [-147.68489, 60.950806], [-147.684965, 60.950877], [-147.685114, 60.950939], [-147.685411, 60.951036], [-147.685745, 60.95108], [-147.687185, 60.951081], [-147.687518, 60.951133], [-147.687873, 60.95132], [-147.68817, 60.951408], [-147.688337, 60.951434], [-147.689224, 60.951475], [-147.689944, 60.95148], [-147.690829, 60.951448], [-147.691181, 60.951483], [-147.691533, 60.951544], [-147.69183, 60.951632], [-147.692446, 60.951943], [-147.691539, 60.951858], [-147.690908, 60.951699], [-147.690372, 60.951657], [-147.689837, 60.951687], [-147.688826, 60.951863], [-147.688476, 60.951883], [-147.688291, 60.951866], [-147.687827, 60.951751], [-147.686749, 60.951434], [-147.686416, 60.951373], [-147.686064, 60.951329], [-147.685936, 60.951384], [-147.685847, 60.951546], [-147.685948, 60.951976], [-147.686139, 60.952227], [-147.686457, 60.952441], [-147.68683, 60.952618], [-147.687127, 60.952715], [-147.688074, 60.952953], [-147.688204, 60.953015], [-147.688447, 60.953113], [-147.688283, 60.953248], [-147.687748, 60.953251], [-147.687639, 60.953314], [-147.687566, 60.953395], [-147.687607, 60.953566], [-147.687815, 60.953807], [-147.687878, 60.954157], [-147.687917, 60.954238], [-147.688047, 60.954291], [-147.688232, 60.954326], [-147.68912, 60.954402], [-147.689548, 60.954552], [-147.689715, 60.954569], [-147.689736, 60.954695], [-147.689645, 60.954767], [-147.688925, 60.954762], [-147.688759, 60.954799], [-147.688597, 60.954952], [-147.688713, 60.955212], [-147.688737, 60.955472], [-147.688669, 60.955724], [-147.688351, 60.956408], [-147.68822, 60.957181], [-147.688259, 60.95727], [-147.688465, 60.957404], [-147.68873, 60.957735], [-147.688865, 60.957985], [-147.688885, 60.958066], [-147.688868, 60.958147], [-147.68865, 60.958301], [-147.688151, 60.958294], [-147.687448, 60.958199], [-147.687097, 60.958219], [-147.686932, 60.958256], [-147.686785, 60.958301], [-147.686567, 60.958446], [-147.686243, 60.958852], [-147.685987, 60.95897], [-147.685656, 60.959043], [-147.685305, 60.959036], [-147.684954, 60.959011], [-147.683971, 60.9588], [-147.683619, 60.958757], [-147.683102, 60.958733], [-147.682382, 60.958728], [-147.682178, 60.958738], [-147.682032, 60.958774], [-147.68165, 60.959073], [-147.681376, 60.9592], [-147.681211, 60.959228], [-147.679808, 60.959244], [-147.678016, 60.959208], [-147.676407, 60.959099], [-147.67589, 60.959084], [-147.675724, 60.959112], [-147.675431, 60.959212], [-147.675081, 60.95925], [-147.674873, 60.959044], [-147.674631, 60.958929], [-147.673963, 60.958788], [-147.673612, 60.958763], [-147.671357, 60.958897], [-147.671234, 60.958506]], [[-147.67589, 60.951184], [-147.675546, 60.951499], [-147.67551, 60.951581], [-147.675551, 60.95176], [-147.675608, 60.95184], [-147.675738, 60.951894], [-147.675887, 60.951938], [-147.676072, 60.951955], [-147.676422, 60.951926], [-147.676919, 60.951825], [-147.677212, 60.951725], [-147.677686, 60.951462], [-147.677852, 60.951434], [-147.67841, 60.951656], [-147.678538, 60.95161], [-147.67859, 60.951439], [-147.678478, 60.951377], [-147.677996, 60.951263], [-147.677902, 60.951191], [-147.677956, 60.951101], [-147.678284, 60.950902], [-147.678319, 60.950812], [-147.678225, 60.950741], [-147.677891, 60.950689], [-147.67682, 60.950667], [-147.676181, 60.950976], [-147.67589, 60.951184]]], [[[-147.71031, 60.935604], [-147.710451, 60.935746], [-147.710364, 60.935762], [-147.710052, 60.935862], [-147.709376, 60.936153], [-147.709064, 60.936235], [-147.708713, 60.936192], [-147.708547, 60.936211], [-147.708273, 60.936329], [-147.70822, 60.93641], [-147.708295, 60.936491], [-147.708407, 60.936553], [-147.708427, 60.936643], [-147.708392, 60.936724], [-147.708264, 60.936787], [-147.707807, 60.936933], [-147.707679, 60.936997], [-147.707607, 60.937078], [-147.707645, 60.93715], [-147.707794, 60.937212], [-147.707961, 60.937247], [-147.708497, 60.937289], [-147.70883, 60.937341], [-147.709444, 60.937526], [-147.70961, 60.937552], [-147.70996, 60.93755], [-147.710864, 60.937501], [-147.71103, 60.937527], [-147.710995, 60.93759], [-147.710702, 60.937708], [-147.710703, 60.93778], [-147.711238, 60.937759], [-147.711588, 60.937721], [-147.711863, 60.937612], [-147.711869, 60.937611], [-147.712, 60.93786], [-147.712189, 60.938461], [-147.711125, 60.938505], [-147.710814, 60.938578], [-147.710209, 60.93877], [-147.710042, 60.938771], [-147.709673, 60.938737], [-147.709582, 60.938791], [-147.709547, 60.93889], [-147.709927, 60.939382], [-147.709929, 60.939472], [-147.709839, 60.939553], [-147.709692, 60.93959], [-147.709507, 60.939591], [-147.709359, 60.939546], [-147.708837, 60.939298], [-147.708539, 60.93921], [-147.708038, 60.939087], [-147.707705, 60.939034], [-147.707188, 60.939019], [-147.705955, 60.939178], [-147.705255, 60.939218], [-147.704535, 60.939195], [-147.704183, 60.939152], [-147.704035, 60.939108], [-147.703923, 60.939045], [-147.703902, 60.938947], [-147.704028, 60.938784], [-147.704137, 60.938712], [-147.704411, 60.938612], [-147.705072, 60.938474], [-147.705791, 60.938416], [-147.706197, 60.938414], [-147.706676, 60.938403], [-147.706933, 60.938311], [-147.707023, 60.93823], [-147.707056, 60.93805], [-147.707036, 60.93797], [-147.706903, 60.9378], [-147.706715, 60.937648], [-147.706603, 60.937586], [-147.706455, 60.937551], [-147.705902, 60.937572], [-147.705552, 60.937618], [-147.705221, 60.937683], [-147.704928, 60.937783], [-147.704492, 60.938064], [-147.704198, 60.938137], [-147.703664, 60.938194], [-147.703313, 60.93816], [-147.703146, 60.938125], [-147.702475, 60.937832], [-147.70216, 60.937762], [-147.701809, 60.937755], [-147.701275, 60.937802], [-147.700779, 60.937913], [-147.699645, 60.938332], [-147.699002, 60.938479], [-147.697679, 60.938746], [-147.69722, 60.938865], [-147.696634, 60.939074], [-147.696014, 60.939383], [-147.695941, 60.939464], [-147.695871, 60.939635], [-147.695951, 60.939895], [-147.696045, 60.939966], [-147.696194, 60.940019], [-147.696545, 60.940071], [-147.69815, 60.940036], [-147.698335, 60.940053], [-147.698483, 60.940106], [-147.698485, 60.940178], [-147.698395, 60.940259], [-147.698064, 60.940315], [-147.697936, 60.940378], [-147.697773, 60.940541], [-147.697757, 60.940622], [-147.697779, 60.940801], [-147.698085, 60.941302], [-147.698128, 60.941562], [-147.698224, 60.941723], [-147.698448, 60.941884], [-147.698578, 60.941928], [-147.698911, 60.941935], [-147.699813, 60.941859], [-147.699998, 60.941876], [-147.700147, 60.941911], [-147.700222, 60.941991], [-147.700206, 60.942081], [-147.69995, 60.942199], [-147.699492, 60.942345], [-147.699161, 60.94241], [-147.698442, 60.94245], [-147.697946, 60.942533], [-147.697243, 60.942465], [-147.695638, 60.9425], [-147.69549, 60.942465], [-147.695359, 60.942394], [-147.695302, 60.942313], [-147.695333, 60.942044], [-147.695294, 60.941972], [-147.695165, 60.941928], [-147.694812, 60.941849], [-147.694475, 60.941635], [-147.694364, 60.941591], [-147.694198, 60.94161], [-147.694033, 60.941673], [-147.69325, 60.942144], [-147.693104, 60.942208], [-147.692938, 60.942236], [-147.692255, 60.942194], [-147.690831, 60.942076], [-147.690295, 60.942052], [-147.68978, 60.942117], [-147.688807, 60.942338], [-147.688622, 60.942357], [-147.688456, 60.942331], [-147.68838, 60.942259], [-147.688342, 60.94217], [-147.688408, 60.941819], [-147.688163, 60.941587], [-147.68818, 60.941506], [-147.688287, 60.941335], [-147.68858, 60.941226], [-147.689681, 60.940942], [-147.690193, 60.940706], [-147.69169, 60.939962], [-147.692601, 60.939436], [-147.692894, 60.939327], [-147.693537, 60.939189], [-147.694029, 60.938926], [-147.694195, 60.938898], [-147.694379, 60.938898], [-147.694564, 60.938924], [-147.694695, 60.938968], [-147.695216, 60.939208], [-147.695383, 60.939234], [-147.695752, 60.939205], [-147.696045, 60.939113], [-147.696905, 60.938804], [-147.697586, 60.938628], [-147.69896, 60.938272], [-147.699712, 60.938044], [-147.700408, 60.93778], [-147.702309, 60.93698], [-147.702456, 60.936943], [-147.702805, 60.936888], [-147.703671, 60.936802], [-147.704332, 60.936664], [-147.704955, 60.93649], [-147.705101, 60.936427], [-147.705192, 60.936345], [-147.705227, 60.936274], [-147.705152, 60.936202], [-147.704705, 60.936034], [-147.704593, 60.935963], [-147.704536, 60.935891], [-147.704495, 60.935712], [-147.70453, 60.935622], [-147.704584, 60.93555], [-147.704769, 60.935576], [-147.705032, 60.935799], [-147.705199, 60.935825], [-147.705732, 60.935741], [-147.705898, 60.93574], [-147.706475, 60.935962], [-147.706642, 60.935997], [-147.706808, 60.936005], [-147.707101, 60.935913], [-147.707631, 60.93565], [-147.707924, 60.935568], [-147.708256, 60.935557], [-147.708995, 60.935616], [-147.709123, 60.935562], [-147.709195, 60.935472], [-147.709407, 60.935058], [-147.70957, 60.935012], [-147.71031, 60.935604]], [[-147.707839, 60.937567], [-147.707955, 60.93745], [-147.707687, 60.937423], [-147.70769, 60.937524], [-147.707839, 60.937567]], [[-147.706404, 60.938583], [-147.706442, 60.938637], [-147.706572, 60.938699], [-147.706739, 60.938725], [-147.706996, 60.938706], [-147.707088, 60.938643], [-147.706975, 60.938545], [-147.706863, 60.938509], [-147.70655, 60.93852], [-147.706404, 60.938583]], [[-147.703802, 60.937693], [-147.704011, 60.937735], [-147.704008, 60.937619], [-147.703889, 60.937634], [-147.703802, 60.937693]]], [[[-147.717217, 60.938295], [-147.717268, 60.938373], [-147.71764, 60.938569], [-147.717661, 60.938649], [-147.71757, 60.938731], [-147.717443, 60.938785], [-147.717092, 60.938796], [-147.716925, 60.938761], [-147.716808, 60.938716], [-147.717217, 60.938295]]], [[[-147.718194, 60.937473], [-147.718707, 60.937137], [-147.718755, 60.937243], [-147.718982, 60.937475], [-147.71902, 60.937556], [-147.719004, 60.937646], [-147.718914, 60.937727], [-147.718639, 60.937836], [-147.717647, 60.93803], [-147.717391, 60.938126], [-147.718194, 60.937473]]], [[[-147.721517, 60.93569], [-147.722848, 60.93521], [-147.72427, 60.934795], [-147.725769, 60.934449], [-147.727331, 60.934176], [-147.728941, 60.933978], [-147.730583, 60.933857], [-147.732242, 60.933815], [-147.732567, 60.933822], [-147.732641, 60.933879], [-147.732997, 60.933847], [-147.732996, 60.933831], [-147.733902, 60.933851], [-147.734879, 60.933919], [-147.735519, 60.933259], [-147.736368, 60.93257], [-147.737352, 60.931923], [-147.738128, 60.931506], [-147.738077, 60.931345], [-147.737989, 60.930543], [-147.738064, 60.929742], [-147.738302, 60.928948], [-147.738699, 60.928169], [-147.739253, 60.927412], [-147.739957, 60.926686], [-147.740805, 60.925996], [-147.741789, 60.92535], [-147.7429, 60.924753], [-147.744126, 60.924212], [-147.745456, 60.923732], [-147.746877, 60.923316], [-147.748375, 60.92297], [-147.749936, 60.922697], [-147.751546, 60.922499], [-147.753187, 60.922378], [-147.754846, 60.922335], [-147.755788, 60.922356], [-147.755776, 60.922595], [-147.755614, 60.922749], [-147.75514, 60.923012], [-147.754465, 60.923303], [-147.754228, 60.92343], [-147.753957, 60.923656], [-147.753887, 60.923827], [-147.754188, 60.924849], [-147.754212, 60.925109], [-147.754222, 60.925549], [-147.754359, 60.925889], [-147.754136, 60.926573], [-147.754105, 60.926833], [-147.754146, 60.927004], [-147.754262, 60.927254], [-147.754434, 60.927505], [-147.754982, 60.928049], [-147.755101, 60.928398], [-147.755348, 60.92872], [-147.755548, 60.929401], [-147.755655, 60.930011], [-147.755622, 60.930182], [-147.755552, 60.930353], [-147.755392, 60.930596], [-147.755248, 60.930758], [-147.755049, 60.930903], [-147.754812, 60.93103], [-147.754171, 60.931241], [-147.754098, 60.931295], [-147.754082, 60.931367], [-147.754139, 60.931447], [-147.754385, 60.931706], [-147.754448, 60.932047], [-147.754736, 60.932548], [-147.754766, 60.933024], [-147.754767, 60.933068], [-147.754726, 60.933679], [-147.754566, 60.933931], [-147.754568, 60.934012], [-147.754625, 60.934093], [-147.754756, 60.934164], [-147.754887, 60.934217], [-147.755071, 60.934234], [-147.755958, 60.934255], [-147.756088, 60.934318], [-147.75624, 60.934496], [-147.756223, 60.934568], [-147.756076, 60.934605], [-147.755378, 60.934708], [-147.755212, 60.934745], [-147.754555, 60.935036], [-147.75404, 60.935101], [-147.75384, 60.935246], [-147.753471, 60.935248], [-147.753306, 60.935267], [-147.752574, 60.935523], [-147.752112, 60.935507], [-147.752057, 60.935508], [-147.751948, 60.935449], [-147.751869, 60.935326], [-147.751815, 60.935184], [-147.751811, 60.935017], [-147.75187, 60.934837], [-147.751931, 60.9347], [-147.752068, 60.934563], [-147.752115, 60.934427], [-147.752048, 60.934368], [-147.752012, 60.934368], [-147.751661, 60.934343], [-147.751568, 60.934343], [-147.751459, 60.934389], [-147.750961, 60.934428], [-147.750593, 60.934439], [-147.750484, 60.934493], [-147.750377, 60.934664], [-147.750268, 60.934737], [-147.750012, 60.934855], [-147.74994, 60.934927], [-147.749852, 60.935098], [-147.748867, 60.935606], [-147.748449, 60.935896], [-147.748215, 60.936122], [-147.748199, 60.936203], [-147.748274, 60.936283], [-147.748593, 60.936515], [-147.748724, 60.936568], [-147.749057, 60.936611], [-147.749592, 60.936617], [-147.749757, 60.936589], [-147.750012, 60.936462], [-147.750178, 60.936443], [-147.750547, 60.93645], [-147.75125, 60.936527], [-147.751751, 60.936623], [-147.751899, 60.936667], [-147.752069, 60.936827], [-147.752071, 60.936908], [-147.751962, 60.93699], [-147.751632, 60.937054], [-147.750932, 60.93713], [-147.750602, 60.937195], [-147.75029, 60.937286], [-147.749888, 60.93745], [-147.749542, 60.937649], [-147.749542, 60.937658], [-147.749489, 60.937731], [-147.749529, 60.93791], [-147.749495, 60.937991], [-147.749329, 60.938028], [-147.748795, 60.93804], [-147.748109, 60.937936], [-147.747925, 60.937937], [-147.747226, 60.93803], [-147.747059, 60.938004], [-147.746984, 60.937933], [-147.746906, 60.937754], [-147.746776, 60.93771], [-147.746591, 60.937702], [-147.746463, 60.937747], [-147.746101, 60.938046], [-147.745935, 60.938056], [-147.744546, 60.937839], [-147.744213, 60.937814], [-147.743882, 60.937851], [-147.743132, 60.938116], [-147.742801, 60.938172], [-147.742101, 60.938229], [-147.741935, 60.938257], [-147.741661, 60.938375], [-147.741462, 60.93852], [-147.741299, 60.938674], [-147.741194, 60.938926], [-147.741131, 60.939375], [-147.740988, 60.939609], [-147.74086, 60.939664], [-147.740493, 60.939719], [-147.740124, 60.939713], [-147.739958, 60.93974], [-147.738895, 60.940069], [-147.738583, 60.940125], [-147.738416, 60.940081], [-147.738286, 60.940028], [-147.73821, 60.939939], [-147.738224, 60.939768], [-147.738485, 60.939084], [-147.738498, 60.938824], [-147.738455, 60.938564], [-147.738359, 60.938394], [-147.738207, 60.938242], [-147.738095, 60.938171], [-147.737929, 60.938181], [-147.737509, 60.938353], [-147.737144, 60.938544], [-147.736981, 60.938689], [-147.736784, 60.938941], [-147.736585, 60.939077], [-147.73545, 60.939505], [-147.735232, 60.939641], [-147.734907, 60.939948], [-147.734707, 60.940092], [-147.734049, 60.940392], [-147.733813, 60.940519], [-147.733687, 60.940681], [-147.733653, 60.94078], [-147.733673, 60.94087], [-147.734076, 60.940715], [-147.73426, 60.940696], [-147.734445, 60.940713], [-147.734519, 60.940776], [-147.734522, 60.940866], [-147.734436, 60.941135], [-147.73431, 60.941298], [-147.734073, 60.941415], [-147.733469, 60.941607], [-147.732758, 60.941997], [-147.732699, 60.942017], [-147.732464, 60.942098], [-147.731968, 60.942199], [-147.731784, 60.942209], [-147.731523, 60.942094], [-147.731023, 60.942025], [-147.730838, 60.94199], [-147.730708, 60.941936], [-147.73067, 60.941828], [-147.730649, 60.941766], [-147.73064, 60.941416], [-147.730581, 60.941246], [-147.730469, 60.941175], [-147.730226, 60.94105], [-147.729928, 60.940944], [-147.729762, 60.940909], [-147.729595, 60.940892], [-147.728877, 60.940959], [-147.728711, 60.940951], [-147.72821, 60.940846], [-147.728044, 60.940829], [-147.727859, 60.940848], [-147.727713, 60.940885], [-147.727566, 60.940948], [-147.727241, 60.941246], [-147.727113, 60.94131], [-147.72678, 60.941267], [-147.726185, 60.941054], [-147.726036, 60.94101], [-147.725889, 60.941002], [-147.725705, 60.94103], [-147.725468, 60.941157], [-147.725284, 60.941176], [-147.72491, 60.940981], [-147.724741, 60.940829], [-147.724718, 60.940667], [-147.724838, 60.940227], [-147.724797, 60.940057], [-147.724703, 60.939985], [-147.723896, 60.940178], [-147.723729, 60.94017], [-147.723395, 60.940091], [-147.723044, 60.940093], [-147.72216, 60.940151], [-147.721809, 60.940117], [-147.72166, 60.940073], [-147.721548, 60.940002], [-147.721491, 60.939922], [-147.721392, 60.939653], [-147.72126, 60.939501], [-147.721148, 60.939448], [-147.720462, 60.939317], [-147.720332, 60.939255], [-147.720013, 60.93905], [-147.719364, 60.938883], [-147.71938, 60.938802], [-147.719636, 60.938675], [-147.719801, 60.938656], [-147.72052, 60.938634], [-147.72087, 60.938569], [-147.721182, 60.938487], [-147.721986, 60.93815], [-147.722715, 60.93776], [-147.722862, 60.937715], [-147.723524, 60.937595], [-147.723651, 60.937522], [-147.723686, 60.937432], [-147.723593, 60.937379], [-147.723389, 60.937353], [-147.72267, 60.937366], [-147.722319, 60.937359], [-147.721855, 60.937245], [-147.721111, 60.936997], [-147.720999, 60.936926], [-147.720942, 60.936845], [-147.720807, 60.936595], [-147.720357, 60.936201], [-147.721517, 60.93569]], [[-147.753096, 60.92482], [-147.753122, 60.924907], [-147.753207, 60.925009], [-147.753419, 60.92491], [-147.75348, 60.924867], [-147.753512, 60.924795], [-147.75328, 60.924677], [-147.75313, 60.924719], [-147.753096, 60.92482]], [[-147.72772, 60.934286], [-147.728049, 60.934342], [-147.728168, 60.934341], [-147.728224, 60.934254], [-147.728045, 60.934197], [-147.727778, 60.934242], [-147.72772, 60.934286]], [[-147.72814, 60.934482], [-147.727666, 60.934744], [-147.727686, 60.934834], [-147.727817, 60.934887], [-147.728002, 60.934913], [-147.728537, 60.934919], [-147.729053, 60.934889], [-147.729218, 60.934844], [-147.729492, 60.934726], [-147.729636, 60.934563], [-147.729598, 60.934483], [-147.729486, 60.934411], [-147.729337, 60.934367], [-147.728987, 60.934387], [-147.72814, 60.934482]], [[-147.727025, 60.934936], [-147.727249, 60.935079], [-147.727306, 60.93515], [-147.727234, 60.935231], [-147.727107, 60.935295], [-147.726941, 60.935323], [-147.725893, 60.935454], [-147.725765, 60.935509], [-147.725656, 60.935581], [-147.72562, 60.935662], [-147.725641, 60.935752], [-147.725902, 60.935867], [-147.72642, 60.935936], [-147.726789, 60.935925], [-147.727139, 60.935896], [-147.727781, 60.935758], [-147.728237, 60.935495], [-147.728308, 60.935405], [-147.728306, 60.935315], [-147.728137, 60.935173], [-147.727782, 60.934968], [-147.727633, 60.934924], [-147.7273, 60.934863], [-147.727097, 60.934864], [-147.727025, 60.934936]], [[-147.726494, 60.935119], [-147.726614, 60.935162], [-147.726762, 60.935118], [-147.7267, 60.935046], [-147.726493, 60.935076], [-147.726494, 60.935119]], [[-147.729626, 60.934922], [-147.729554, 60.935004], [-147.72963, 60.935075], [-147.72998, 60.935091], [-147.730108, 60.935036], [-147.73018, 60.934946], [-147.730105, 60.934884], [-147.729864, 60.934858], [-147.729699, 60.934886], [-147.729626, 60.934922]], [[-147.729087, 60.93559], [-147.729088, 60.935607], [-147.729107, 60.935643], [-147.729108, 60.935679], [-147.729127, 60.935715], [-147.729184, 60.935768], [-147.729239, 60.935786], [-147.729277, 60.935795], [-147.729331, 60.935768], [-147.729367, 60.935714], [-147.729365, 60.935642], [-147.729309, 60.93557], [-147.729253, 60.935553], [-147.72916, 60.935544], [-147.729105, 60.935554], [-147.729087, 60.93559]], [[-147.728151, 60.935792], [-147.727839, 60.935875], [-147.727253, 60.936075], [-147.727256, 60.936174], [-147.727313, 60.936255], [-147.727647, 60.936334], [-147.727813, 60.936342], [-147.72796, 60.936305], [-147.728252, 60.936178], [-147.728583, 60.93614], [-147.728895, 60.936039], [-147.729039, 60.935886], [-147.729074, 60.935796], [-147.729016, 60.935716], [-147.72885, 60.935699], [-147.728666, 60.935717], [-147.728151, 60.935792]], [[-147.72341, 60.936626], [-147.723412, 60.936715], [-147.723505, 60.93676], [-147.72369, 60.936759], [-147.723854, 60.936704], [-147.723927, 60.93665], [-147.723926, 60.936596], [-147.723759, 60.936561], [-147.723537, 60.936571], [-147.72341, 60.936626]], [[-147.728008, 60.937606], [-147.727845, 60.93776], [-147.72772, 60.937931], [-147.727526, 60.938345], [-147.727423, 60.938696], [-147.727466, 60.938956], [-147.72756, 60.939027], [-147.727746, 60.939062], [-147.727911, 60.939061], [-147.72879, 60.93876], [-147.729305, 60.938676], [-147.729821, 60.938638], [-147.730208, 60.938636], [-147.730357, 60.938662], [-147.730693, 60.938866], [-147.73086, 60.938884], [-147.731006, 60.938829], [-147.731205, 60.938675], [-147.731241, 60.938594], [-147.731014, 60.938362], [-147.73108, 60.938012], [-147.730966, 60.937851], [-147.730647, 60.937637], [-147.730516, 60.937584], [-147.73035, 60.937549], [-147.728394, 60.93755], [-147.728008, 60.937606]], [[-147.72431, 60.938937], [-147.724277, 60.939117], [-147.724431, 60.939358], [-147.724543, 60.939438], [-147.724673, 60.939492], [-147.725209, 60.939507], [-147.725876, 60.93962], [-147.72606, 60.939601], [-147.726225, 60.939564], [-147.726371, 60.939509], [-147.72648, 60.939437], [-147.726516, 60.939356], [-147.726495, 60.939266], [-147.726383, 60.939204], [-147.725788, 60.939001], [-147.725324, 60.938869], [-147.725008, 60.938807], [-147.724473, 60.938819], [-147.72431, 60.938937]], [[-147.722567, 60.939359], [-147.722557, 60.939718], [-147.722577, 60.93979], [-147.722725, 60.939843], [-147.722928, 60.939842], [-147.723387, 60.939723], [-147.724105, 60.939665], [-147.724196, 60.939593], [-147.724157, 60.939503], [-147.723914, 60.939379], [-147.723356, 60.939157], [-147.722928, 60.939007], [-147.722558, 60.938991], [-147.72245, 60.939109], [-147.722567, 60.939359]]], [[[-147.801021, 60.919075], [-147.799593, 60.918666], [-147.798255, 60.918191], [-147.797286, 60.917771], [-147.796499, 60.917868], [-147.796505, 60.917632], [-147.796813, 60.917415], [-147.796715, 60.917155], [-147.79675, 60.917074], [-147.79684, 60.917011], [-147.797259, 60.91682], [-147.79735, 60.916756], [-147.797329, 60.916667], [-147.797254, 60.916577], [-147.797047, 60.916435], [-147.79699, 60.916354], [-147.797092, 60.916004], [-147.79707, 60.915842], [-147.796976, 60.915771], [-147.796659, 60.915674], [-147.796494, 60.915693], [-147.79622, 60.915812], [-147.796074, 60.915848], [-147.795705, 60.915842], [-147.795355, 60.915871], [-147.795228, 60.915925], [-147.794903, 60.916241], [-147.794686, 60.916386], [-147.793478, 60.916744], [-147.792749, 60.917125], [-147.792438, 60.917217], [-147.792108, 60.917273], [-147.791923, 60.917265], [-147.791774, 60.917221], [-147.791644, 60.91715], [-147.791642, 60.917069], [-147.792237, 60.916527], [-147.79229, 60.916446], [-147.792178, 60.916384], [-147.791732, 60.916234], [-147.791656, 60.916162], [-147.791613, 60.915893], [-147.791501, 60.91584], [-147.791317, 60.91585], [-147.790472, 60.915981], [-147.789938, 60.91602], [-147.78942, 60.91596], [-147.788735, 60.915848], [-147.787473, 60.915523], [-147.787122, 60.915489], [-147.786771, 60.915483], [-147.786053, 60.915514], [-147.785392, 60.915617], [-147.78508, 60.915708], [-147.784405, 60.91599], [-147.784056, 60.916028], [-147.783928, 60.916092], [-147.78373, 60.916255], [-147.78362, 60.9163], [-147.783473, 60.916301], [-147.782953, 60.91617], [-147.782786, 60.916153], [-147.782456, 60.9162], [-147.782359, 60.916228], [-147.782327, 60.916216], [-147.781091, 60.91568], [-147.779971, 60.915088], [-147.778976, 60.914446], [-147.778116, 60.913759], [-147.777399, 60.913036], [-147.776833, 60.912281], [-147.776423, 60.911504], [-147.776172, 60.910711], [-147.776083, 60.90991], [-147.776157, 60.909108], [-147.776393, 60.908314], [-147.776789, 60.907535], [-147.777341, 60.906779], [-147.777769, 60.906336], [-147.777812, 60.90637], [-147.778004, 60.90671], [-147.778134, 60.906754], [-147.778687, 60.906778], [-147.778836, 60.906813], [-147.778966, 60.906884], [-147.779047, 60.907135], [-147.779071, 60.907395], [-147.778881, 60.907917], [-147.778902, 60.907998], [-147.779014, 60.908069], [-147.779347, 60.908121], [-147.779531, 60.908129], [-147.779716, 60.90811], [-147.780169, 60.907829], [-147.780297, 60.907774], [-147.780609, 60.907718], [-147.781327, 60.907669], [-147.781439, 60.90774], [-147.781462, 60.907911], [-147.781538, 60.907991], [-147.781744, 60.908134], [-147.781892, 60.908177], [-147.782077, 60.908176], [-147.782756, 60.908074], [-147.782868, 60.908136], [-147.7831, 60.908547], [-147.783342, 60.90868], [-147.783452, 60.909371], [-147.783568, 60.909622], [-147.78374, 60.909872], [-147.783891, 60.910033], [-147.783986, 60.910104], [-147.784246, 60.910219], [-147.784544, 60.910307], [-147.785062, 60.910394], [-147.785412, 60.91041], [-147.785596, 60.9104], [-147.787121, 60.910166], [-147.787985, 60.910062], [-147.788684, 60.910013], [-147.78885, 60.910021], [-147.789018, 60.910065], [-147.789391, 60.910269], [-147.789521, 60.910313], [-147.789687, 60.910321], [-147.790055, 60.910283], [-147.790423, 60.910263], [-147.79059, 60.91028], [-147.790702, 60.910333], [-147.790984, 60.910565], [-147.791133, 60.910618], [-147.791483, 60.910624], [-147.791813, 60.910551], [-147.792417, 60.910367], [-147.792598, 60.910223], [-147.792792, 60.909881], [-147.792864, 60.909808], [-147.793028, 60.909744], [-147.793195, 60.909752], [-147.794032, 60.91007], [-147.7947, 60.910237], [-147.79483, 60.910281], [-147.794942, 60.910343], [-147.795, 60.910424], [-147.795043, 60.910693], [-147.795158, 60.910854], [-147.795491, 60.910923], [-147.795622, 60.910976], [-147.795681, 60.911147], [-147.795738, 60.911227], [-147.795833, 60.911307], [-147.795981, 60.911351], [-147.796351, 60.911394], [-147.796498, 60.911375], [-147.797045, 60.911147], [-147.797211, 60.91111], [-147.797395, 60.911118], [-147.797525, 60.91118], [-147.797844, 60.911385], [-147.798278, 60.911768], [-147.799204, 60.912705], [-147.799447, 60.912838], [-147.799745, 60.912935], [-147.799911, 60.912943], [-147.800279, 60.912905], [-147.800902, 60.912749], [-147.801086, 60.912739], [-147.801437, 60.912772], [-147.801621, 60.912753], [-147.80173, 60.91269], [-147.801945, 60.912455], [-147.802073, 60.912391], [-147.802403, 60.912318], [-147.802569, 60.912317], [-147.802681, 60.912388], [-147.802646, 60.912469], [-147.802357, 60.912686], [-147.802287, 60.912857], [-147.802273, 60.913037], [-147.802349, 60.913108], [-147.802534, 60.913143], [-147.802719, 60.913141], [-147.803139, 60.913004], [-147.803687, 60.912777], [-147.804159, 60.912513], [-147.805248, 60.911833], [-147.805413, 60.911778], [-147.805579, 60.911768], [-147.805746, 60.911794], [-147.805915, 60.911946], [-147.805963, 60.912377], [-147.805912, 60.912547], [-147.805532, 60.912846], [-147.805444, 60.913017], [-147.805522, 60.913187], [-147.805616, 60.913258], [-147.805783, 60.913284], [-147.805967, 60.913265], [-147.806278, 60.913183], [-147.806552, 60.913073], [-147.807165, 60.91254], [-147.807946, 60.912068], [-147.80822, 60.911959], [-147.809008, 60.911765], [-147.810282, 60.911847], [-147.810597, 60.911908], [-147.81121, 60.912093], [-147.811341, 60.912155], [-147.811529, 60.912297], [-147.812245, 60.912903], [-147.812694, 60.91317], [-147.812828, 60.91334], [-147.812831, 60.91351], [-147.812688, 60.913664], [-147.81238, 60.913881], [-147.811907, 60.914144], [-147.811123, 60.914499], [-147.810943, 60.914644], [-147.810617, 60.915489], [-147.810614, 60.915499], [-147.810491, 60.915751], [-147.810239, 60.915977], [-147.809694, 60.91633], [-147.809514, 60.916475], [-147.809479, 60.916556], [-147.809469, 60.916906], [-147.809461, 60.916917], [-147.809344, 60.917069], [-147.809164, 60.917222], [-147.809036, 60.917277], [-147.808725, 60.917369], [-147.80821, 60.917444], [-147.807859, 60.917419], [-147.807044, 60.917253], [-147.806877, 60.917228], [-147.806693, 60.917229], [-147.806363, 60.917294], [-147.805923, 60.917431], [-147.805395, 60.917677], [-147.804813, 60.918003], [-147.804669, 60.918157], [-147.804424, 60.918697], [-147.804389, 60.918751], [-147.804335, 60.918796], [-147.804116, 60.918923], [-147.80408, 60.918959], [-147.804063, 60.918995], [-147.803994, 60.919166], [-147.803958, 60.91922], [-147.803849, 60.919275], [-147.803556, 60.919385], [-147.80335, 60.919251], [-147.803275, 60.919189], [-147.803236, 60.919099], [-147.803213, 60.918929], [-147.803175, 60.918902], [-147.803083, 60.918894], [-147.802714, 60.918878], [-147.802161, 60.918908], [-147.802014, 60.918918], [-147.801831, 60.918955], [-147.801703, 60.919019], [-147.801488, 60.91918], [-147.801021, 60.919075]]], [[[-147.799286, 60.870257], [-147.799359, 60.869455], [-147.799594, 60.868661], [-147.79999, 60.867882], [-147.800541, 60.867125], [-147.801242, 60.866398], [-147.801323, 60.866332], [-147.801732, 60.866133], [-147.801803, 60.866052], [-147.801714, 60.866013], [-147.802087, 60.865708], [-147.803068, 60.865061], [-147.804176, 60.864464], [-147.805398, 60.863922], [-147.80633, 60.863585], [-147.806381, 60.863609], [-147.807291, 60.863891], [-147.8077, 60.864059], [-147.807888, 60.86421], [-147.808229, 60.864603], [-147.808529, 60.864817], [-147.809069, 60.865047], [-147.809644, 60.86525], [-147.810108, 60.865391], [-147.811201, 60.865662], [-147.811629, 60.86583], [-147.812284, 60.866239], [-147.812641, 60.866542], [-147.812774, 60.866703], [-147.813008, 60.867213], [-147.813311, 60.867526], [-147.813647, 60.867721], [-147.814353, 60.867995], [-147.815358, 60.868402], [-147.815582, 60.868535], [-147.815846, 60.868767], [-147.816036, 60.869008], [-147.816176, 60.869429], [-147.816483, 60.869939], [-147.816543, 60.8701], [-147.816472, 60.870199], [-147.816344, 60.870245], [-147.815809, 60.870221], [-147.815625, 60.870223], [-147.815442, 60.870251], [-147.815333, 60.870305], [-147.815194, 60.870656], [-147.815123, 60.870728], [-147.814887, 60.870855], [-147.814467, 60.871029], [-147.81425, 60.871156], [-147.814254, 60.871335], [-147.814371, 60.871595], [-147.814525, 60.871845], [-147.814676, 60.871988], [-147.814843, 60.872032], [-147.815211, 60.872056], [-147.815485, 60.871965], [-147.815938, 60.871684], [-147.816194, 60.871575], [-147.816377, 60.871547], [-147.816543, 60.871563], [-147.816953, 60.87174], [-147.817644, 60.87214], [-147.817905, 60.872255], [-147.818238, 60.872316], [-147.818588, 60.872332], [-147.819509, 60.872326], [-147.819674, 60.872334], [-147.819787, 60.872378], [-147.819808, 60.872477], [-147.819717, 60.872549], [-147.819463, 60.872676], [-147.819501, 60.872748], [-147.819614, 60.872828], [-147.819762, 60.872881], [-147.820114, 60.872933], [-147.820482, 60.87293], [-147.820812, 60.872892], [-147.821655, 60.872735], [-147.822004, 60.872705], [-147.822355, 60.87273], [-147.822503, 60.872774], [-147.822533, 60.873205], [-147.82259, 60.873285], [-147.822702, 60.873356], [-147.823561, 60.8738], [-147.824456, 60.874225], [-147.824865, 60.874393], [-147.825311, 60.874534], [-147.825459, 60.87456], [-147.825827, 60.87454], [-147.827386, 60.874332], [-147.827901, 60.874284], [-147.828067, 60.874292], [-147.828567, 60.874406], [-147.828866, 60.874556], [-147.829347, 60.87467], [-147.829626, 60.874776], [-147.829684, 60.874856], [-147.829748, 60.875206], [-147.829881, 60.875367], [-147.830011, 60.875429], [-147.830195, 60.875428], [-147.830779, 60.875209], [-147.830907, 60.875172], [-147.831073, 60.875171], [-147.83124, 60.875215], [-147.831537, 60.875321], [-147.831838, 60.875543], [-147.831897, 60.875713], [-147.831881, 60.875803], [-147.831645, 60.87593], [-147.831008, 60.876231], [-147.830791, 60.876376], [-147.830756, 60.876457], [-147.830814, 60.876546], [-147.830926, 60.876617], [-147.831241, 60.876696], [-147.831592, 60.876712], [-147.832581, 60.876499], [-147.832747, 60.876507], [-147.832913, 60.876542], [-147.83334, 60.876692], [-147.832567, 60.876687], [-147.832236, 60.876708], [-147.831741, 60.876818], [-147.830974, 60.877039], [-147.830756, 60.877175], [-147.830504, 60.877401], [-147.830377, 60.877464], [-147.830085, 60.877565], [-147.829976, 60.877629], [-147.830245, 60.87804], [-147.830288, 60.8783], [-147.830272, 60.87839], [-147.830165, 60.878552], [-147.830004, 60.878706], [-147.829786, 60.878851], [-147.829513, 60.87896], [-147.829348, 60.878979], [-147.827928, 60.878916], [-147.82756, 60.878946], [-147.827343, 60.879073], [-147.826746, 60.879516], [-147.826637, 60.87958], [-147.826491, 60.879617], [-147.826287, 60.879591], [-147.826176, 60.879538], [-147.825763, 60.879244], [-147.825633, 60.879191], [-147.82475, 60.879251], [-147.824565, 60.879243], [-147.824268, 60.879146], [-147.824044, 60.879004], [-147.823987, 60.878923], [-147.824183, 60.87868], [-147.824072, 60.878653], [-147.823667, 60.878647], [-147.823333, 60.878577], [-147.823036, 60.878489], [-147.822681, 60.878294], [-147.822062, 60.877807], [-147.822023, 60.877777], [-147.821893, 60.877715], [-147.821877, 60.877711], [-147.821744, 60.877671], [-147.82156, 60.877646], [-147.821393, 60.877638], [-147.821027, 60.877703], [-147.820918, 60.877757], [-147.820883, 60.87783], [-147.82089, 60.878108], [-147.820659, 60.878432], [-147.820159, 60.878337], [-147.820011, 60.878284], [-147.819786, 60.87816], [-147.819392, 60.877857], [-147.819149, 60.877742], [-147.819001, 60.877698], [-147.818281, 60.877621], [-147.818132, 60.877586], [-147.817426, 60.877303], [-147.817147, 60.877216], [-147.816963, 60.877235], [-147.816836, 60.877298], [-147.816859, 60.877469], [-147.816676, 60.877506], [-147.816141, 60.877491], [-147.815309, 60.877353], [-147.815162, 60.877389], [-147.814874, 60.877634], [-147.814784, 60.877706], [-147.814656, 60.877743], [-147.81449, 60.877735], [-147.814304, 60.877691], [-147.814156, 60.877647], [-147.813968, 60.877496], [-147.813819, 60.877452], [-147.81347, 60.877454], [-147.81257, 60.877558], [-147.81222, 60.877569], [-147.812072, 60.877552], [-147.811924, 60.877499], [-147.81155, 60.877295], [-147.811402, 60.877251], [-147.810385, 60.877096], [-147.81007, 60.877026], [-147.809864, 60.876875], [-147.809806, 60.876794], [-147.809786, 60.876696], [-147.809692, 60.876642], [-147.809156, 60.876565], [-147.809044, 60.876512], [-147.808929, 60.876342], [-147.808817, 60.876262], [-147.808538, 60.876156], [-147.808206, 60.876113], [-147.807837, 60.876115], [-147.807673, 60.876143], [-147.807107, 60.876362], [-147.806942, 60.876399], [-147.806407, 60.876357], [-147.806056, 60.876324], [-147.805723, 60.876263], [-147.805463, 60.876157], [-147.804996, 60.87589], [-147.804681, 60.875811], [-147.804163, 60.875743], [-147.804039, 60.875196], [-147.804035, 60.875016], [-147.804067, 60.874846], [-147.804317, 60.874521], [-147.804909, 60.87388], [-147.805087, 60.873645], [-147.805103, 60.873564], [-147.805046, 60.873475], [-147.804821, 60.873342], [-147.803187, 60.872786], [-147.802945, 60.872662], [-147.802924, 60.87259], [-147.803102, 60.872329], [-147.803118, 60.872248], [-147.803004, 60.872087], [-147.802683, 60.871766], [-147.802662, 60.871685], [-147.802732, 60.871514], [-147.802947, 60.87127], [-147.803289, 60.870963], [-147.803417, 60.870917], [-147.803618, 60.870907], [-147.803785, 60.870933], [-147.80386, 60.870996], [-147.8039, 60.871094], [-147.803884, 60.871184], [-147.803793, 60.871256], [-147.803449, 60.871465], [-147.803377, 60.871546], [-147.80336, 60.871627], [-147.803418, 60.871716], [-147.80353, 60.871779], [-147.804011, 60.871883], [-147.804069, 60.871964], [-147.803895, 60.872387], [-147.803879, 60.872486], [-147.803936, 60.872557], [-147.804234, 60.872654], [-147.804418, 60.872671], [-147.804951, 60.872632], [-147.805117, 60.87264], [-147.805582, 60.872807], [-147.80571, 60.872789], [-147.805856, 60.872752], [-147.806239, 60.872579], [-147.807328, 60.871971], [-147.807654, 60.871762], [-147.807817, 60.871618], [-147.807969, 60.871096], [-147.808662, 60.870113], [-147.808695, 60.869942], [-147.808707, 60.869682], [-147.808613, 60.869602], [-147.808447, 60.869603], [-147.808155, 60.869712], [-147.80799, 60.869731], [-147.807106, 60.869737], [-147.806922, 60.869756], [-147.806612, 60.869838], [-147.806447, 60.869857], [-147.805894, 60.869852], [-147.805747, 60.86988], [-147.80553, 60.870025], [-147.805044, 60.870485], [-147.804935, 60.870558], [-147.80477, 60.870568], [-147.804235, 60.870544], [-147.80407, 60.870572], [-147.803797, 60.870682], [-147.803613, 60.870692], [-147.803483, 60.870639], [-147.803444, 60.870549], [-147.803477, 60.870378], [-147.803401, 60.870298], [-147.803235, 60.87029], [-147.802874, 60.870589], [-147.802728, 60.870643], [-147.802563, 60.870653], [-147.802194, 60.870629], [-147.802027, 60.870594], [-147.801879, 60.87055], [-147.80143, 60.870274], [-147.801264, 60.870266], [-147.801081, 60.870303], [-147.800972, 60.870367], [-147.800664, 60.870584], [-147.8005, 60.87063], [-147.800316, 60.87064], [-147.800019, 60.870561], [-147.799555, 60.870411], [-147.799297, 60.870361], [-147.799286, 60.870257]], [[-147.81459, 60.872249], [-147.814556, 60.872339], [-147.814634, 60.872518], [-147.81471, 60.872589], [-147.814858, 60.872651], [-147.815025, 60.872686], [-147.815152, 60.872631], [-147.815261, 60.872559], [-147.815331, 60.872388], [-147.81531, 60.872298], [-147.815234, 60.872218], [-147.814901, 60.872148], [-147.814681, 60.872185], [-147.81459, 60.872249]], [[-147.8166, 60.873062], [-147.816766, 60.873088], [-147.816914, 60.873087], [-147.817059, 60.873024], [-147.817091, 60.872853], [-147.81687, 60.872845], [-147.816652, 60.872936], [-147.8166, 60.873062]], [[-147.826122, 60.874583], [-147.82618, 60.874672], [-147.826329, 60.874725], [-147.826715, 60.874705], [-147.826843, 60.874668], [-147.826786, 60.874596], [-147.826617, 60.874481], [-147.826251, 60.874546], [-147.826122, 60.874583]], [[-147.822097, 60.874877], [-147.822155, 60.874967], [-147.822321, 60.875002], [-147.822505, 60.874982], [-147.822595, 60.87491], [-147.822648, 60.874829], [-147.822646, 60.87473], [-147.822588, 60.874659], [-147.822404, 60.874651], [-147.822132, 60.874796], [-147.822097, 60.874877]], [[-147.825508, 60.875772], [-147.825399, 60.875844], [-147.825365, 60.875934], [-147.825367, 60.876024], [-147.825461, 60.876104], [-147.82561, 60.876148], [-147.825776, 60.876147], [-147.825959, 60.876101], [-147.826723, 60.875737], [-147.826795, 60.875665], [-147.826664, 60.875603], [-147.826314, 60.875587], [-147.825801, 60.875689], [-147.825508, 60.875772]], [[-147.815191, 60.876339], [-147.815083, 60.87642], [-147.815013, 60.876582], [-147.815018, 60.876762], [-147.815075, 60.876842], [-147.815224, 60.876886], [-147.815624, 60.876713], [-147.815823, 60.876568], [-147.815858, 60.876496], [-147.815814, 60.876227], [-147.815337, 60.876284], [-147.815191, 60.876339]], [[-147.822091, 60.877517], [-147.822129, 60.877586], [-147.822246, 60.87763], [-147.822276, 60.877614], [-147.822427, 60.87753], [-147.822344, 60.877385], [-147.822136, 60.877383], [-147.822073, 60.877484], [-147.822091, 60.877517]]]]}, "properties": {"rule": "5 AAC 24.350(4)(H) Unakwik Inlet \u2014 1000yd stream buffers north of 60.86617", "n_streams": 30, "yards": 1000, "kind": "stream"}}, {"type": "Feature", "geometry": {"type": "Polygon", "coordinates": [[[-147.498609, 61.064955], [-147.499171, 61.06571], [-147.499577, 61.066489], [-147.499822, 61.067282], [-147.499905, 61.068084], [-147.499823, 61.068885], [-147.499579, 61.069679], [-147.499174, 61.070457], [-147.498612, 61.071212], [-147.49809, 61.071744], [-147.497543, 61.071476], [-147.497133, 61.071334], [-147.496724, 61.071201], [-147.496091, 61.071015], [-147.494402, 61.070859], [-147.493774, 61.071005], [-147.493255, 61.070953], [-147.492809, 61.070892], [-147.492197, 61.070849], [-147.491474, 61.070834], [-147.489453, 61.070769], [-147.48864, 61.070898], [-147.488123, 61.071034], [-147.487535, 61.071323], [-147.486799, 61.071694], [-147.486578, 61.071767], [-147.485285, 61.072067], [-147.484897, 61.072078], [-147.484563, 61.072088], [-147.483617, 61.072055], [-147.482949, 61.071995], [-147.482873, 61.071851], [-147.483019, 61.071707], [-147.483221, 61.071581], [-147.483348, 61.07141], [-147.483398, 61.071006], [-147.483303, 61.070871], [-147.483005, 61.070783], [-147.48256, 61.070766], [-147.481575, 61.070518], [-147.481257, 61.070331], [-147.481106, 61.070188], [-147.480995, 61.070143], [-147.480809, 61.070099], [-147.479288, 61.070005], [-147.479084, 61.069988], [-147.479119, 61.069862], [-147.479154, 61.069719], [-147.479134, 61.069611], [-147.479113, 61.069467], [-147.479167, 61.069359], [-147.479259, 61.069287], [-147.479332, 61.069233], [-147.479515, 61.069116], [-147.479698, 61.068972], [-147.479881, 61.06881], [-147.479936, 61.068728], [-147.479935, 61.068675], [-147.479953, 61.068639], [-147.480008, 61.068603], [-147.480118, 61.068548], [-147.480267, 61.068566], [-147.480379, 61.068628], [-147.480454, 61.068673], [-147.480621, 61.068699], [-147.481438, 61.068804], [-147.481732, 61.068695], [-147.481823, 61.068542], [-147.481855, 61.068237], [-147.481852, 61.068049], [-147.481681, 61.067735], [-147.481362, 61.067503], [-147.48112, 61.067369], [-147.480804, 61.067325], [-147.480027, 61.067418], [-147.478496, 61.067845], [-147.47613, 61.068257], [-147.475556, 61.068241], [-147.474999, 61.06818], [-147.474828, 61.068107], [-147.474684, 61.06797], [-147.474581, 61.067853], [-147.474549, 61.067735], [-147.474565, 61.067634], [-147.475008, 61.067533], [-147.475358, 61.067434], [-147.47569, 61.067289], [-147.476758, 61.066845], [-147.477107, 61.066629], [-147.477327, 61.066511], [-147.477548, 61.066376], [-147.477971, 61.066231], [-147.478267, 61.066176], [-147.479228, 61.066029], [-147.479988, 61.066053], [-147.480231, 61.066196], [-147.480215, 61.066384], [-147.480495, 61.066491], [-147.480773, 61.066517], [-147.48107, 61.066516], [-147.481662, 61.066487], [-147.482386, 61.066566], [-147.482645, 61.066583], [-147.482961, 61.066653], [-147.483167, 61.066742], [-147.483391, 61.066894], [-147.483653, 61.067064], [-147.483692, 61.067153], [-147.483692, 61.067189], [-147.483656, 61.067234], [-147.483583, 61.067297], [-147.48353, 61.067495], [-147.483569, 61.067639], [-147.483755, 61.067701], [-147.483996, 61.0677], [-147.484293, 61.067726], [-147.484888, 61.067841], [-147.485036, 61.067858], [-147.485314, 61.06783], [-147.485886, 61.067702], [-147.487547, 61.067266], [-147.487859, 61.067103], [-147.488061, 61.066932], [-147.488316, 61.066697], [-147.4885, 61.066589], [-147.488887, 61.066417], [-147.48955, 61.06619], [-147.490416, 61.065855], [-147.492631, 61.065345], [-147.494424, 61.065051], [-147.497547, 61.064573], [-147.498048, 61.064607], [-147.498306, 61.064648], [-147.498609, 61.064955]]]}, "properties": {"rule": "5 AAC 24.350(5)(A) Unakwik District \u2014 1000yd stream buffers south of 61.08283", "n_streams": 1, "yards": 1000, "kind": "stream"}}, {"type": "Feature", "geometry": {"type": "Polygon", "coordinates": [[[-147.984707, 60.473616], [-147.984878, 60.47302], [-147.985167, 60.472435], [-147.985572, 60.471867], [-147.986089, 60.471321], [-147.986712, 60.470803], [-147.987436, 60.470316], [-147.988254, 60.469868], [-147.989158, 60.46946], [-147.990139, 60.469098], [-147.991187, 60.468785], [-147.992293, 60.468523], [-147.993446, 60.468316], [-147.994635, 60.468165], [-147.995849, 60.468072], [-147.997075, 60.468038], [-147.998302, 60.468063], [-147.999518, 60.468147], [-148.000712, 60.468288], [-148.001871, 60.468487], [-148.002986, 60.46874], [-148.004044, 60.469045], [-148.005036, 60.469399], [-148.005953, 60.4698], [-148.006785, 60.470243], [-148.007524, 60.470723], [-148.008164, 60.471237], [-148.008698, 60.471779], [-148.009121, 60.472344], [-148.009429, 60.472926], [-148.009619, 60.473521], [-148.009689, 60.474121], [-148.009638, 60.474723], [-148.009468, 60.475319], [-148.009179, 60.475903], [-148.008774, 60.476472], [-148.008258, 60.477018], [-148.007634, 60.477536], [-148.006911, 60.478022], [-148.006093, 60.478471], [-148.005189, 60.478879], [-148.004208, 60.479241], [-148.003159, 60.479555], [-148.002053, 60.479816], [-148.0009, 60.480023], [-147.99971, 60.480174], [-147.998496, 60.480267], [-147.99727, 60.480301], [-147.996042, 60.480276], [-147.994826, 60.480193], [-147.993632, 60.480051], [-147.992472, 60.479853], [-147.991357, 60.4796], [-147.990299, 60.479294], [-147.989306, 60.478939], [-147.98839, 60.478539], [-147.987558, 60.478096], [-147.986818, 60.477616], [-147.986179, 60.477102], [-147.985645, 60.47656], [-147.985223, 60.475995], [-147.984915, 60.475412], [-147.984726, 60.474818], [-147.984656, 60.474217], [-147.984707, 60.473616]]]}, "properties": {"rule": "5 AAC 24.350(8)(B) Gumboot Creek \u2014 750yd", "n_streams": 1, "yards": 750, "kind": "stream"}}, {"type": "Feature", "geometry": {"type": "MultiPolygon", "coordinates": [[[[-147.993606, 60.330454], [-147.993832, 60.329659], [-147.994216, 60.32888], [-147.994754, 60.328122], [-147.995439, 60.327394], [-147.996267, 60.326703], [-147.997228, 60.326055], [-147.998313, 60.325456], [-147.999512, 60.324913], [-148.000814, 60.32443], [-148.002206, 60.324012], [-148.003674, 60.323663], [-148.005205, 60.323387], [-148.006783, 60.323186], [-148.008394, 60.323062], [-148.010021, 60.323016], [-148.01165, 60.323049], [-148.013264, 60.32316], [-148.014849, 60.323349], [-148.016388, 60.323613], [-148.017867, 60.32395], [-148.019273, 60.324357], [-148.02059, 60.32483], [-148.021807, 60.325364], [-148.022911, 60.325954], [-148.023893, 60.326594], [-148.024743, 60.327279], [-148.025452, 60.328002], [-148.026014, 60.328755], [-148.026423, 60.329531], [-148.026676, 60.330324], [-148.026769, 60.331125], [-148.026702, 60.331927], [-148.026476, 60.332721], [-148.026093, 60.333501], [-148.025557, 60.334259], [-148.024871, 60.334987], [-148.024044, 60.335678], [-148.023084, 60.336327], [-148.021998, 60.336926], [-148.020799, 60.337469], [-148.019497, 60.337952], [-148.018105, 60.33837], [-148.016636, 60.338719], [-148.015105, 60.338996], [-148.013526, 60.339197], [-148.011915, 60.339321], [-148.010286, 60.339367], [-148.008657, 60.339334], [-148.007041, 60.339222], [-148.005456, 60.339034], [-148.003916, 60.338769], [-148.002436, 60.338432], [-148.001031, 60.338025], [-147.999713, 60.337552], [-147.998496, 60.337018], [-147.997392, 60.336428], [-147.99641, 60.335787], [-147.995561, 60.335102], [-147.994852, 60.334379], [-147.994291, 60.333626], [-147.993883, 60.332849], [-147.993631, 60.332057], [-147.993538, 60.331256], [-147.993606, 60.330454]]], [[[-148.050602, 60.355016], [-148.050399, 60.355731], [-148.050016, 60.356511], [-148.049479, 60.357269], [-148.048794, 60.357997], [-148.047967, 60.358689], [-148.047006, 60.359337], [-148.045921, 60.359936], [-148.044721, 60.36048], [-148.043418, 60.360964], [-148.042025, 60.361382], [-148.040556, 60.361731], [-148.039024, 60.362008], [-148.037444, 60.362209], [-148.035832, 60.362333], [-148.034202, 60.36238], [-148.032571, 60.362347], [-148.030955, 60.362236], [-148.029368, 60.362047], [-148.027827, 60.361783], [-148.026346, 60.361446], [-148.024939, 60.361039], [-148.02362, 60.360567], [-148.022402, 60.360033], [-148.021296, 60.359443], [-148.020314, 60.358802], [-148.019559, 60.358194], [-148.019482, 60.358177], [-148.018076, 60.35777], [-148.016757, 60.357297], [-148.015539, 60.356763], [-148.014434, 60.356173], [-148.013451, 60.355533], [-148.012601, 60.354848], [-148.011892, 60.354125], [-148.01133, 60.353372], [-148.01092, 60.352595], [-148.010668, 60.351803], [-148.010575, 60.351002], [-148.010642, 60.3502], [-148.010869, 60.349405], [-148.011252, 60.348625], [-148.01179, 60.347868], [-148.012475, 60.34714], [-148.013303, 60.346448], [-148.014264, 60.3458], [-148.01535, 60.345201], [-148.01655, 60.344658], [-148.017852, 60.344175], [-148.019244, 60.343757], [-148.020713, 60.343408], [-148.022245, 60.343131], [-148.023824, 60.34293], [-148.025435, 60.342806], [-148.027064, 60.34276], [-148.028693, 60.342792], [-148.030309, 60.342904], [-148.031894, 60.343092], [-148.032719, 60.343233], [-148.034071, 60.343129], [-148.0357, 60.343083], [-148.037329, 60.343116], [-148.038945, 60.343227], [-148.040531, 60.343415], [-148.042071, 60.343679], [-148.043551, 60.344016], [-148.044958, 60.344423], [-148.046276, 60.344895], [-148.047494, 60.345429], [-148.0486, 60.346019], [-148.049583, 60.346659], [-148.050434, 60.347344], [-148.051144, 60.348066], [-148.051707, 60.348819], [-148.052117, 60.349596], [-148.05237, 60.350388], [-148.052464, 60.351189], [-148.052398, 60.351991], [-148.052173, 60.352785], [-148.05179, 60.353565], [-148.051253, 60.354323], [-148.050602, 60.355016]]], [[[-148.110869, 60.423778], [-148.110488, 60.423989], [-148.109287, 60.424533], [-148.107983, 60.425017], [-148.106588, 60.425436], [-148.105116, 60.425786], [-148.103582, 60.426063], [-148.101999, 60.426266], [-148.100384, 60.426391], [-148.098751, 60.426437], [-148.097117, 60.426406], [-148.095497, 60.426295], [-148.093907, 60.426107], [-148.092363, 60.425844], [-148.090878, 60.425508], [-148.089468, 60.425102], [-148.088145, 60.42463], [-148.086924, 60.424096], [-148.085814, 60.423507], [-148.084828, 60.422867], [-148.083975, 60.422182], [-148.083263, 60.42146], [-148.082698, 60.420707], [-148.082286, 60.419931], [-148.082032, 60.419138], [-148.081937, 60.418337], [-148.081951, 60.418158], [-148.081214, 60.418656], [-148.080127, 60.419255], [-148.078925, 60.419799], [-148.077621, 60.420283], [-148.077447, 60.420335], [-148.07698, 60.420508], [-148.075585, 60.420927], [-148.074113, 60.421276], [-148.072578, 60.421553], [-148.070996, 60.421755], [-148.069381, 60.42188], [-148.067748, 60.421927], [-148.066114, 60.421894], [-148.064495, 60.421784], [-148.062905, 60.421595], [-148.061361, 60.421332], [-148.059877, 60.420995], [-148.058467, 60.420589], [-148.057145, 60.420116], [-148.055924, 60.419583], [-148.054816, 60.418993], [-148.053831, 60.418353], [-148.052978, 60.417668], [-148.052266, 60.416946], [-148.051702, 60.416193], [-148.051291, 60.415416], [-148.051038, 60.414624], [-148.050943, 60.413823], [-148.051009, 60.413021], [-148.051235, 60.412226], [-148.051619, 60.411446], [-148.052156, 60.410689], [-148.052842, 60.40996], [-148.053671, 60.409269], [-148.054633, 60.40862], [-148.05572, 60.408021], [-148.056922, 60.407477], [-148.058226, 60.406994], [-148.0584, 60.406941], [-148.058867, 60.406768], [-148.060261, 60.40635], [-148.061733, 60.406], [-148.063267, 60.405723], [-148.064848, 60.405522], [-148.066463, 60.405397], [-148.068094, 60.40535], [-148.069727, 60.405383], [-148.071346, 60.405493], [-148.072935, 60.405681], [-148.074479, 60.405945], [-148.075962, 60.406281], [-148.077372, 60.406688], [-148.078693, 60.40716], [-148.079914, 60.407693], [-148.081023, 60.408283], [-148.082008, 60.408923], [-148.082861, 60.409607], [-148.083573, 60.410329], [-148.084138, 60.411082], [-148.084549, 60.411859], [-148.084804, 60.412651], [-148.084899, 60.413452], [-148.084885, 60.413631], [-148.085622, 60.413134], [-148.086708, 60.412535], [-148.087872, 60.412008], [-148.088253, 60.411797], [-148.089454, 60.411253], [-148.090758, 60.410769], [-148.092152, 60.41035], [-148.093623, 60.410001], [-148.095157, 60.409723], [-148.096739, 60.409521], [-148.098353, 60.409396], [-148.099985, 60.409349], [-148.101618, 60.409381], [-148.103237, 60.409492], [-148.104827, 60.409679], [-148.106371, 60.409942], [-148.107855, 60.410278], [-148.109265, 60.410684], [-148.110587, 60.411156], [-148.111809, 60.411689], [-148.112918, 60.412279], [-148.113904, 60.412919], [-148.114758, 60.413603], [-148.115471, 60.414325], [-148.116036, 60.415078], [-148.116449, 60.415854], [-148.116704, 60.416646], [-148.1168, 60.417447], [-148.116735, 60.418249], [-148.116511, 60.419044], [-148.116129, 60.419824], [-148.115593, 60.420582], [-148.114908, 60.42131], [-148.114081, 60.422002], [-148.113119, 60.422651], [-148.112033, 60.423251], [-148.110869, 60.423778]]], [[[-148.103542, 60.344419], [-148.103496, 60.344582], [-148.103115, 60.345362], [-148.10258, 60.34612], [-148.101896, 60.346848], [-148.10107, 60.34754], [-148.100111, 60.348189], [-148.099027, 60.348789], [-148.097828, 60.349333], [-148.096527, 60.349817], [-148.095135, 60.350236], [-148.093667, 60.350585], [-148.092135, 60.350863], [-148.090556, 60.351065], [-148.089368, 60.351157], [-148.089712, 60.351198], [-148.091253, 60.351461], [-148.092735, 60.351797], [-148.094142, 60.352203], [-148.095461, 60.352675], [-148.09668, 60.353209], [-148.097787, 60.353798], [-148.098772, 60.354438], [-148.099624, 60.355122], [-148.100335, 60.355844], [-148.100899, 60.356597], [-148.10131, 60.357374], [-148.101565, 60.358166], [-148.10166, 60.358967], [-148.101595, 60.359769], [-148.101371, 60.360564], [-148.100989, 60.361344], [-148.100454, 60.362102], [-148.09977, 60.36283], [-148.098944, 60.363522], [-148.097984, 60.364171], [-148.096899, 60.36477], [-148.0957, 60.365315], [-148.094398, 60.365799], [-148.093005, 60.366217], [-148.091536, 60.366567], [-148.090004, 60.366844], [-148.088425, 60.367046], [-148.087764, 60.367098], [-148.08735, 60.367251], [-148.085958, 60.36767], [-148.084489, 60.36802], [-148.082957, 60.368297], [-148.081377, 60.368499], [-148.079764, 60.368624], [-148.078134, 60.36867], [-148.076503, 60.368638], [-148.074886, 60.368527], [-148.073299, 60.368339], [-148.071757, 60.368076], [-148.070276, 60.367739], [-148.068868, 60.367333], [-148.067548, 60.366861], [-148.066329, 60.366327], [-148.065222, 60.365737], [-148.064238, 60.365097], [-148.063387, 60.364413], [-148.062676, 60.36369], [-148.062113, 60.362937], [-148.061702, 60.362161], [-148.061449, 60.361368], [-148.061354, 60.360567], [-148.06142, 60.359766], [-148.061646, 60.358971], [-148.062028, 60.358191], [-148.062564, 60.357433], [-148.063249, 60.356705], [-148.064076, 60.356013], [-148.065036, 60.355365], [-148.066122, 60.354765], [-148.067321, 60.354221], [-148.068623, 60.353738], [-148.070015, 60.353319], [-148.071484, 60.35297], [-148.073015, 60.352693], [-148.074594, 60.352491], [-148.075255, 60.35244], [-148.075668, 60.352286], [-148.07706, 60.351867], [-148.078529, 60.351518], [-148.08006, 60.351241], [-148.081639, 60.351039], [-148.082827, 60.350947], [-148.082483, 60.350906], [-148.080942, 60.350643], [-148.079461, 60.350306], [-148.078054, 60.3499], [-148.076735, 60.349428], [-148.075516, 60.348894], [-148.07441, 60.348305], [-148.073426, 60.347664], [-148.072575, 60.34698], [-148.071865, 60.346258], [-148.071301, 60.345505], [-148.070891, 60.344728], [-148.070637, 60.343936], [-148.070543, 60.343135], [-148.070608, 60.342333], [-148.070833, 60.341538], [-148.071215, 60.340758], [-148.071751, 60.340001], [-148.072435, 60.339272], [-148.073261, 60.33858], [-148.074221, 60.337932], [-148.075306, 60.337332], [-148.076504, 60.336788], [-148.077805, 60.336305], [-148.079197, 60.335886], [-148.080664, 60.335536], [-148.082195, 60.335259], [-148.083773, 60.335057], [-148.085384, 60.334932], [-148.086697, 60.334895], [-148.086743, 60.334732], [-148.087125, 60.333951], [-148.08766, 60.333194], [-148.088344, 60.332465], [-148.089169, 60.331773], [-148.090129, 60.331124], [-148.091213, 60.330525], [-148.092411, 60.329981], [-148.093711, 60.329497], [-148.095102, 60.329078], [-148.096569, 60.328728], [-148.098099, 60.328451], [-148.099677, 60.328249], [-148.101288, 60.328124], [-148.102915, 60.328077], [-148.104545, 60.328109], [-148.10616, 60.328219], [-148.107745, 60.328407], [-148.109285, 60.32867], [-148.110766, 60.329006], [-148.112172, 60.329412], [-148.113491, 60.329884], [-148.114709, 60.330417], [-148.115816, 60.331006], [-148.1168, 60.331646], [-148.117652, 60.33233], [-148.118363, 60.333052], [-148.118927, 60.333805], [-148.119338, 60.334581], [-148.119593, 60.335374], [-148.119689, 60.336175], [-148.119625, 60.336976], [-148.119401, 60.337771], [-148.11902, 60.338551], [-148.118485, 60.339309], [-148.117802, 60.340038], [-148.116977, 60.34073], [-148.116018, 60.341379], [-148.114934, 60.341978], [-148.113736, 60.342523], [-148.112435, 60.343007], [-148.111044, 60.343426], [-148.109576, 60.343776], [-148.108045, 60.344053], [-148.106467, 60.344256], [-148.104856, 60.344381], [-148.103542, 60.344419]]], [[[-148.097631, 60.293738], [-148.097855, 60.292943], [-148.098236, 60.292163], [-148.098771, 60.291405], [-148.099453, 60.290677], [-148.100277, 60.289985], [-148.101235, 60.289336], [-148.102317, 60.288737], [-148.103514, 60.288192], [-148.104813, 60.287708], [-148.106201, 60.287289], [-148.107667, 60.286939], [-148.109195, 60.286662], [-148.110771, 60.28646], [-148.112379, 60.286334], [-148.114005, 60.286287], [-148.115632, 60.286319], [-148.117245, 60.286429], [-148.118828, 60.286617], [-148.120366, 60.28688], [-148.121845, 60.287216], [-148.12325, 60.287622], [-148.124567, 60.288093], [-148.125784, 60.288626], [-148.12689, 60.289215], [-148.127872, 60.289855], [-148.128723, 60.290539], [-148.129434, 60.291261], [-148.129998, 60.292014], [-148.130409, 60.29279], [-148.130664, 60.293583], [-148.130759, 60.294384], [-148.130695, 60.295185], [-148.130472, 60.29598], [-148.130092, 60.29676], [-148.129558, 60.297518], [-148.128876, 60.298247], [-148.128052, 60.298939], [-148.127095, 60.299588], [-148.126013, 60.300188], [-148.124816, 60.300733], [-148.123517, 60.301217], [-148.122128, 60.301636], [-148.120662, 60.301986], [-148.119133, 60.302264], [-148.117557, 60.302466], [-148.115948, 60.302591], [-148.114321, 60.302638], [-148.112694, 60.302607], [-148.11108, 60.302496], [-148.109496, 60.302309], [-148.107957, 60.302046], [-148.106477, 60.30171], [-148.105072, 60.301304], [-148.103755, 60.300832], [-148.102537, 60.300298], [-148.101432, 60.299709], [-148.10045, 60.299069], [-148.099599, 60.298385], [-148.098889, 60.297663], [-148.098326, 60.29691], [-148.097915, 60.296133], [-148.097661, 60.295341], [-148.097566, 60.29454], [-148.097631, 60.293738]]], [[[-148.13624, 60.320042], [-148.136268, 60.320273], [-148.136204, 60.321075], [-148.135981, 60.321869], [-148.1356, 60.32265], [-148.135066, 60.323408], [-148.134384, 60.324136], [-148.133559, 60.324829], [-148.132601, 60.325478], [-148.131518, 60.326077], [-148.130321, 60.326622], [-148.129021, 60.327106], [-148.127631, 60.327525], [-148.126164, 60.327876], [-148.124634, 60.328153], [-148.123056, 60.328356], [-148.121446, 60.328481], [-148.119818, 60.328528], [-148.118189, 60.328496], [-148.116574, 60.328386], [-148.114989, 60.328199], [-148.113448, 60.327936], [-148.111968, 60.3276], [-148.110561, 60.327194], [-148.109243, 60.326722], [-148.108024, 60.326189], [-148.106918, 60.325599], [-148.105935, 60.324959], [-148.105083, 60.324275], [-148.104373, 60.323553], [-148.103809, 60.3228], [-148.103398, 60.322024], [-148.103144, 60.321231], [-148.103048, 60.32043], [-148.103113, 60.319629], [-148.103337, 60.318834], [-148.103718, 60.318054], [-148.104253, 60.317296], [-148.104909, 60.316596], [-148.104882, 60.316365], [-148.104946, 60.315564], [-148.10517, 60.314769], [-148.105551, 60.313989], [-148.106086, 60.313231], [-148.106769, 60.312502], [-148.107593, 60.31181], [-148.108552, 60.311161], [-148.109635, 60.310562], [-148.110832, 60.310017], [-148.112131, 60.309533], [-148.113521, 60.309114], [-148.114987, 60.308764], [-148.116516, 60.308487], [-148.118093, 60.308284], [-148.119702, 60.308159], [-148.121329, 60.308112], [-148.122957, 60.308144], [-148.124571, 60.308254], [-148.126156, 60.308441], [-148.127695, 60.308704], [-148.129175, 60.30904], [-148.130581, 60.309446], [-148.131899, 60.309917], [-148.133117, 60.31045], [-148.134223, 60.311039], [-148.135207, 60.311679], [-148.136059, 60.312363], [-148.13677, 60.313085], [-148.137334, 60.313838], [-148.137746, 60.314614], [-148.138001, 60.315407], [-148.138097, 60.316207], [-148.138033, 60.317009], [-148.13781, 60.317804], [-148.137429, 60.318584], [-148.136896, 60.319342], [-148.13624, 60.320042]]], [[[-148.180319, 60.400048], [-148.181094, 60.400668], [-148.181808, 60.401389], [-148.182375, 60.402142], [-148.182789, 60.402918], [-148.183046, 60.40371], [-148.183143, 60.404511], [-148.18308, 60.405313], [-148.182858, 60.406108], [-148.182477, 60.406888], [-148.181943, 60.407646], [-148.18126, 60.408375], [-148.180434, 60.409068], [-148.179475, 60.409717], [-148.17839, 60.410317], [-148.17719, 60.410862], [-148.175887, 60.411347], [-148.174494, 60.411767], [-148.173024, 60.412117], [-148.171491, 60.412395], [-148.169909, 60.412598], [-148.168295, 60.412724], [-148.166663, 60.412772], [-148.165885, 60.412757], [-148.16569, 60.412772], [-148.164059, 60.41282], [-148.162425, 60.412789], [-148.160806, 60.412679], [-148.159216, 60.412492], [-148.157671, 60.41223], [-148.156187, 60.411894], [-148.154776, 60.411489], [-148.153453, 60.411017], [-148.152231, 60.410485], [-148.151121, 60.409896], [-148.150848, 60.409718], [-148.149962, 60.409332], [-148.148852, 60.408743], [-148.147865, 60.408104], [-148.147011, 60.40742], [-148.146297, 60.406698], [-148.145731, 60.405945], [-148.145318, 60.405169], [-148.145062, 60.404376], [-148.144966, 60.403575], [-148.14503, 60.402774], [-148.145253, 60.401979], [-148.145634, 60.401199], [-148.14617, 60.400441], [-148.146853, 60.399712], [-148.147549, 60.399129], [-148.147246, 60.398823], [-148.14668, 60.39807], [-148.146267, 60.397294], [-148.146011, 60.396502], [-148.145915, 60.395701], [-148.145979, 60.394899], [-148.146202, 60.394104], [-148.146536, 60.39342], [-148.146344, 60.393351], [-148.145122, 60.392819], [-148.144013, 60.392229], [-148.143027, 60.39159], [-148.142173, 60.390906], [-148.14146, 60.390184], [-148.140894, 60.389431], [-148.140482, 60.388655], [-148.140226, 60.387863], [-148.14013, 60.387062], [-148.140194, 60.38626], [-148.140417, 60.385465], [-148.140798, 60.384685], [-148.141333, 60.383927], [-148.141629, 60.383611], [-148.140828, 60.383325], [-148.139607, 60.382792], [-148.138498, 60.382203], [-148.137512, 60.381563], [-148.136659, 60.380879], [-148.135946, 60.380157], [-148.135381, 60.379405], [-148.134969, 60.378628], [-148.134713, 60.377836], [-148.134617, 60.377035], [-148.134642, 60.376716], [-148.133536, 60.376528], [-148.132053, 60.376192], [-148.130645, 60.375786], [-148.129324, 60.375314], [-148.128103, 60.374782], [-148.126995, 60.374192], [-148.126009, 60.373553], [-148.125157, 60.372868], [-148.124444, 60.372146], [-148.123879, 60.371394], [-148.123467, 60.370617], [-148.123212, 60.369825], [-148.123116, 60.369024], [-148.123181, 60.368222], [-148.123404, 60.367428], [-148.123786, 60.366647], [-148.124321, 60.365889], [-148.125004, 60.365161], [-148.12583, 60.364469], [-148.126789, 60.36382], [-148.127874, 60.36322], [-148.129072, 60.362675], [-148.130374, 60.362191], [-148.131765, 60.361772], [-148.133234, 60.361422], [-148.134765, 60.361144], [-148.136344, 60.360941], [-148.137956, 60.360816], [-148.139585, 60.360768], [-148.141216, 60.3608], [-148.142833, 60.36091], [-148.14442, 60.361097], [-148.145962, 60.36136], [-148.147445, 60.361695], [-148.148853, 60.362101], [-148.150174, 60.362572], [-148.151394, 60.363105], [-148.152502, 60.363694], [-148.153488, 60.364334], [-148.154341, 60.365018], [-148.155054, 60.365739], [-148.155619, 60.366492], [-148.156032, 60.367268], [-148.156288, 60.368061], [-148.156385, 60.368862], [-148.15636, 60.36918], [-148.157466, 60.369369], [-148.158949, 60.369704], [-148.160357, 60.37011], [-148.161679, 60.370581], [-148.162899, 60.371114], [-148.164008, 60.371703], [-148.164994, 60.372342], [-148.165848, 60.373026], [-148.166561, 60.373748], [-148.167127, 60.3745], [-148.16754, 60.375277], [-148.167797, 60.376069], [-148.167894, 60.37687], [-148.16783, 60.377672], [-148.167608, 60.378466], [-148.167227, 60.379247], [-148.166693, 60.380005], [-148.166397, 60.380321], [-148.167199, 60.380607], [-148.16842, 60.381139], [-148.169529, 60.381728], [-148.170516, 60.382367], [-148.17137, 60.383051], [-148.172083, 60.383773], [-148.17265, 60.384526], [-148.173063, 60.385302], [-148.173319, 60.386094], [-148.173417, 60.386895], [-148.173353, 60.387697], [-148.173131, 60.388492], [-148.172797, 60.389176], [-148.17299, 60.389244], [-148.173679, 60.389545], [-148.174362, 60.389741], [-148.175684, 60.390212], [-148.176906, 60.390745], [-148.178015, 60.391333], [-148.179002, 60.391973], [-148.179857, 60.392657], [-148.180571, 60.393378], [-148.181137, 60.394131], [-148.181551, 60.394907], [-148.181808, 60.395699], [-148.181905, 60.3965], [-148.181842, 60.397302], [-148.18162, 60.398097], [-148.181239, 60.398877], [-148.180705, 60.399635], [-148.180319, 60.400048]]]]}, "properties": {"rule": "5 AAC 24.350(9)(A) Dangerous Passage \u2014 1000yd stream buffers (provisional bbox)", "n_streams": 23, "yards": 1000, "kind": "stream"}}, {"type": "Feature", "geometry": {"type": "Polygon", "coordinates": [[[-146.60237, 60.93926], [-146.603922, 60.938974], [-146.605525, 60.938763], [-146.607163, 60.938628], [-146.60882, 60.938572], [-146.610481, 60.938594], [-146.612129, 60.938695], [-146.613749, 60.938873], [-146.614096, 60.93892], [-146.615539, 60.939149], [-146.616933, 60.93944], [-146.618268, 60.93979], [-146.619533, 60.940196], [-146.620717, 60.940656], [-146.621121, 60.940827], [-146.622384, 60.941424], [-146.622976, 60.941768], [-146.623434, 60.941923], [-146.624443, 60.942292], [-146.625393, 60.942697], [-146.625675, 60.942827], [-146.626426, 60.943088], [-146.626579, 60.943148], [-146.627109, 60.943127], [-146.6286, 60.943132], [-146.630083, 60.943199], [-146.631549, 60.94333], [-146.632047, 60.943385], [-146.633821, 60.943632], [-146.634797, 60.943796], [-146.636933, 60.944237], [-146.637854, 60.944464], [-146.638921, 60.944759], [-146.639556, 60.944645], [-146.639938, 60.944561], [-146.641503, 60.944302], [-146.643113, 60.944118], [-146.644753, 60.944011], [-146.645716, 60.943971], [-146.647377, 60.943942], [-146.649035, 60.943991], [-146.650676, 60.944118], [-146.652283, 60.944323], [-146.653841, 60.944602], [-146.655334, 60.944954], [-146.656749, 60.945375], [-146.658072, 60.945861], [-146.659289, 60.946407], [-146.66039, 60.947008], [-146.66127, 60.947595], [-146.660078, 60.948081], [-146.659817, 60.948296], [-146.659778, 60.948484], [-146.65987, 60.948547], [-146.660349, 60.948594], [-146.660903, 60.948586], [-146.661382, 60.948677], [-146.661657, 60.948884], [-146.661433, 60.949108], [-146.660841, 60.949241], [-146.659972, 60.949365], [-146.659714, 60.949465], [-146.658585, 60.949253], [-146.65911, 60.949746], [-146.658822, 60.949865], [-146.657933, 60.950105], [-146.656082, 60.950557], [-146.655284, 60.950879], [-146.65484, 60.950994], [-146.653823, 60.951126], [-146.65336, 60.951215], [-146.652934, 60.951357], [-146.652174, 60.951696], [-146.651747, 60.951848], [-146.651303, 60.951954], [-146.650785, 60.952007], [-146.649751, 60.952031], [-146.648219, 60.951973], [-146.647221, 60.952114], [-146.646204, 60.952156], [-146.645279, 60.952387], [-146.64478, 60.952422], [-146.644299, 60.952519], [-146.643428, 60.952786], [-146.64193, 60.952962], [-146.641005, 60.953175], [-146.639172, 60.953636], [-146.638654, 60.95368], [-146.638137, 60.953642], [-146.637139, 60.953765], [-146.636734, 60.953621], [-146.636423, 60.953413], [-146.635925, 60.953349], [-146.635426, 60.953383], [-146.634944, 60.953481], [-146.633411, 60.953584], [-146.63293, 60.953673], [-146.632485, 60.953797], [-146.632151, 60.953994], [-146.631721, 60.954442], [-146.631312, 60.954602], [-146.630423, 60.954851], [-146.62898, 60.955125], [-146.627108, 60.955443], [-146.627056, 60.955452], [-146.626797, 60.955496], [-146.626463, 60.955549], [-146.626001, 60.955628], [-146.625594, 60.95569], [-146.625168, 60.95577], [-146.624577, 60.955876], [-146.624928, 60.955742], [-146.625133, 60.955653], [-146.62556, 60.955475], [-146.625893, 60.955413], [-146.626337, 60.955351], [-146.626688, 60.955316], [-146.627058, 60.955272], [-146.628169, 60.954979], [-146.629004, 60.954685], [-146.629356, 60.954507], [-146.629654, 60.954301], [-146.629841, 60.954068], [-146.630011, 60.953817], [-146.630087, 60.953557], [-146.630069, 60.953557], [-146.629959, 60.953494], [-146.629812, 60.953466], [-146.629497, 60.953501], [-146.629312, 60.953555], [-146.629201, 60.953519], [-146.629239, 60.953465], [-146.62948, 60.95334], [-146.629703, 60.953305], [-146.629943, 60.953251], [-146.630313, 60.953163], [-146.630462, 60.953064], [-146.630611, 60.952993], [-146.630945, 60.952814], [-146.631059, 60.952563], [-146.631043, 60.952312], [-146.630917, 60.952069], [-146.630587, 60.95188], [-146.630146, 60.951744], [-146.629225, 60.951516], [-146.628248, 60.951352], [-146.62775, 60.951297], [-146.627048, 60.95134], [-146.62557, 60.951443], [-146.624572, 60.951566], [-146.62302, 60.951661], [-146.622503, 60.95165], [-146.621986, 60.951595], [-146.621508, 60.951504], [-146.621047, 60.951377], [-146.620183, 60.951096], [-146.619431, 60.950744], [-146.619045, 60.950581], [-146.618603, 60.950454], [-146.617646, 60.950236], [-146.617204, 60.9501], [-146.616526, 60.949721], [-146.614835, 60.949133], [-146.613715, 60.948618], [-146.610718, 60.947604], [-146.61037, 60.947423], [-146.609932, 60.946964], [-146.609528, 60.946792], [-146.608035, 60.94659], [-146.607613, 60.946445], [-146.606586, 60.945877], [-146.606144, 60.94575], [-146.605889, 60.945524], [-146.606095, 60.945292], [-146.605839, 60.945066], [-146.605435, 60.944904], [-146.604975, 60.944786], [-146.603941, 60.944756], [-146.603538, 60.944593], [-146.603171, 60.944403], [-146.602897, 60.944196], [-146.603065, 60.943954], [-146.603382, 60.943748], [-146.603533, 60.943506], [-146.603336, 60.943012], [-146.603339, 60.942734], [-146.603489, 60.942528], [-146.604497, 60.941642], [-146.604629, 60.9414], [-146.604633, 60.941031], [-146.604821, 60.940835], [-146.604823, 60.940655], [-146.604586, 60.94043], [-146.6042, 60.940249], [-146.603796, 60.940095], [-146.603318, 60.939986], [-146.60282, 60.939949], [-146.602303, 60.939947], [-146.601477, 60.939631], [-146.601172, 60.939549], [-146.60237, 60.93926]], [[-146.605308, 60.941716], [-146.605288, 60.941833], [-146.605398, 60.941905], [-146.605693, 60.94195], [-146.605877, 60.941951], [-146.606062, 60.941942], [-146.6061, 60.94188], [-146.606009, 60.94179], [-146.605548, 60.941699], [-146.605308, 60.941716]]]}, "properties": {"rule": "5 AAC 24.350(3)(T) Galena Bay \u2014 1000yd N shore", "yards": 1000, "kind": "shore"}}, {"type": "Feature", "geometry": {"type": "Polygon", "coordinates": [[[-146.45241, 61.082133], [-146.451272, 61.08208], [-146.45118, 61.082113], [-146.450901, 61.082195], [-146.450606, 61.082264], [-146.450179, 61.082352], [-146.449818, 61.082415], [-146.449444, 61.082458], [-146.449147, 61.082484], [-146.448759, 61.082506], [-146.448368, 61.082508], [-146.445403, 61.082434], [-146.445221, 61.082433], [-146.445018, 61.082449], [-146.444932, 61.082457], [-146.444748, 61.082508], [-146.444688, 61.082528], [-146.444434, 61.08262], [-146.444168, 61.082708], [-146.443885, 61.082783], [-146.443549, 61.082862], [-146.443253, 61.082924], [-146.442945, 61.082973], [-146.442629, 61.083007], [-146.442308, 61.083026], [-146.441984, 61.08303], [-146.441234, 61.083024], [-146.441051, 61.083173], [-146.440836, 61.083327], [-146.439855, 61.084183], [-146.439685, 61.084316], [-146.439488, 61.084441], [-146.439268, 61.084557], [-146.438968, 61.084699], [-146.43878, 61.084782], [-146.438519, 61.084889], [-146.438274, 61.08498], [-146.438013, 61.08506], [-146.437737, 61.085129], [-146.43745, 61.085185], [-146.437154, 61.085228], [-146.436801, 61.085271], [-146.436465, 61.085303], [-146.436124, 61.08532], [-146.435782, 61.085319], [-146.435442, 61.085302], [-146.435106, 61.085269], [-146.43478, 61.085219], [-146.434067, 61.085092], [-146.433695, 61.085027], [-146.433442, 61.085135], [-146.433146, 61.085236], [-146.432829, 61.085322], [-146.432532, 61.085392], [-146.432226, 61.085456], [-146.43191, 61.085505], [-146.431585, 61.085539], [-146.431254, 61.085557], [-146.430271, 61.085589], [-146.430015, 61.085593], [-146.429718, 61.085592], [-146.429361, 61.085581], [-146.429254, 61.085575], [-146.429036, 61.085578], [-146.428849, 61.085579], [-146.427725, 61.085566], [-146.42749, 61.085571], [-146.427305, 61.085572], [-146.427274, 61.085572], [-146.425194, 61.085765], [-146.424775, 61.085803], [-146.424633, 61.085898], [-146.424513, 61.085975], [-146.424138, 61.086197], [-146.423838, 61.086354], [-146.423352, 61.086576], [-146.423111, 61.086676], [-146.422853, 61.086765], [-146.422368, 61.086915], [-146.421983, 61.087019], [-146.421443, 61.087142], [-146.421303, 61.087172], [-146.41987, 61.087462], [-146.419554, 61.087518], [-146.418438, 61.087683], [-146.418054, 61.087729], [-146.417478, 61.08778], [-146.417413, 61.087786], [-146.416448, 61.087863], [-146.416333, 61.087871], [-146.415665, 61.087913], [-146.415453, 61.087923], [-146.413987, 61.08797], [-146.413733, 61.087974], [-146.413676, 61.087974], [-146.412915, 61.087987], [-146.412856, 61.087987], [-146.412169, 61.087993], [-146.412049, 61.087993], [-146.409769, 61.087974], [-146.409622, 61.087972], [-146.407499, 61.087909], [-146.406785, 61.087898], [-146.406456, 61.087885], [-146.406132, 61.087857], [-146.406099, 61.087853], [-146.405699, 61.087824], [-146.405423, 61.087799], [-146.405152, 61.087763], [-146.40411, 61.087602], [-146.403462, 61.087683], [-146.403174, 61.087713], [-146.402654, 61.087755], [-146.402457, 61.087769], [-146.401993, 61.087794], [-146.401719, 61.087803], [-146.401443, 61.087801], [-146.399219, 61.087747], [-146.3989, 61.087731], [-146.398584, 61.087702], [-146.397613, 61.087588], [-146.397301, 61.087564], [-146.397128, 61.08756], [-146.396794, 61.087579], [-146.396312, 61.087595], [-146.395928, 61.087598], [-146.393811, 61.087553], [-146.392319, 61.087535], [-146.392183, 61.087556], [-146.391854, 61.087588], [-146.391519, 61.087606], [-146.391182, 61.087607], [-146.390847, 61.087592], [-146.390516, 61.087561], [-146.38922, 61.087408], [-146.38885, 61.087353], [-146.388361, 61.087266], [-146.387747, 61.087354], [-146.387207, 61.087432], [-146.38691, 61.087468], [-146.386608, 61.087491], [-146.386303, 61.0875], [-146.385107, 61.087513], [-146.384807, 61.08751], [-146.384509, 61.087494], [-146.384214, 61.087465], [-146.38301, 61.087322], [-146.382915, 61.087312], [-146.381335, 61.087206], [-146.380665, 61.087195], [-146.380822, 61.087219], [-146.381111, 61.087276], [-146.38159, 61.087384], [-146.381926, 61.08747], [-146.38224, 61.087575], [-146.382748, 61.087765], [-146.383007, 61.087872], [-146.383244, 61.087992], [-146.383453, 61.088123], [-146.38402, 61.088516], [-146.384378, 61.088737], [-146.38457, 61.088867], [-146.384734, 61.089007], [-146.38487, 61.089153], [-146.384974, 61.089305], [-146.385048, 61.089461], [-146.385089, 61.08962], [-146.385098, 61.08978], [-146.385074, 61.089939], [-146.385017, 61.090097], [-146.384929, 61.090252], [-146.38481, 61.090401], [-146.384661, 61.090544], [-146.384266, 61.090882], [-146.384091, 61.091016], [-146.383889, 61.091141], [-146.383664, 61.091257], [-146.383417, 61.091361], [-146.383149, 61.091453], [-146.382865, 61.091533], [-146.382565, 61.091598], [-146.382254, 61.09165], [-146.381934, 61.091687], [-146.380767, 61.091793], [-146.380449, 61.091815], [-146.380129, 61.091822], [-146.379808, 61.091814], [-146.37949, 61.091792], [-146.379178, 61.091756], [-146.377981, 61.091588], [-146.377054, 61.091622], [-146.375533, 61.091681], [-146.375161, 61.091686], [-146.374791, 61.091671], [-146.371589, 61.091458], [-146.371261, 61.091428], [-146.37094, 61.091383], [-146.370631, 61.091323], [-146.369439, 61.091059], [-146.369185, 61.090996], [-146.368943, 61.090923], [-146.368714, 61.090841], [-146.367644, 61.090422], [-146.367374, 61.090304], [-146.367132, 61.090173], [-146.366921, 61.09003], [-146.366743, 61.089877], [-146.365947, 61.0891], [-146.365603, 61.088771], [-146.362877, 61.087533], [-146.36277, 61.087545], [-146.3624, 61.087579], [-146.362024, 61.087592], [-146.361648, 61.087585], [-146.360809, 61.087548], [-146.360497, 61.087527], [-146.359452, 61.087433], [-146.359097, 61.087391], [-146.358753, 61.087331], [-146.358424, 61.087254], [-146.358114, 61.08716], [-146.357305, 61.086885], [-146.355716, 61.086497], [-146.354887, 61.086654], [-146.353817, 61.086873], [-146.35352, 61.086926], [-146.353215, 61.086965], [-146.352903, 61.086991], [-146.352587, 61.087002], [-146.352271, 61.086999], [-146.351957, 61.086983], [-146.350816, 61.086896], [-146.350664, 61.086941], [-146.349936, 61.087371], [-146.349707, 61.087493], [-146.349454, 61.087604], [-146.349179, 61.087702], [-146.348885, 61.087786], [-146.347749, 61.088073], [-146.347446, 61.088141], [-146.347131, 61.088194], [-146.346807, 61.088232], [-146.346476, 61.088255], [-146.345673, 61.088291], [-146.34534, 61.088298], [-146.345006, 61.088289], [-146.344676, 61.088265], [-146.344353, 61.088225], [-146.344039, 61.08817], [-146.343738, 61.0881], [-146.343453, 61.088017], [-146.343186, 61.087921], [-146.34294, 61.087812], [-146.342717, 61.087693], [-146.34252, 61.087563], [-146.34235, 61.087425], [-146.342209, 61.08728], [-146.342098, 61.087128], [-146.342019, 61.086972], [-146.341972, 61.086813], [-146.341958, 61.086653], [-146.341976, 61.086493], [-146.341992, 61.086443], [-146.342386, 61.086561], [-146.343016, 61.086623], [-146.344812, 61.086687], [-146.346162, 61.086627], [-146.347298, 61.086339], [-146.348384, 61.085698], [-146.349196, 61.085455], [-146.350276, 61.0852], [-146.352488, 61.085368], [-146.353597, 61.085141], [-146.355098, 61.084856], [-146.356206, 61.084782], [-146.359067, 61.085481], [-146.360079, 61.085825], [-146.361124, 61.08592], [-146.361962, 61.085957], [-146.363523, 61.085774], [-146.364807, 61.08616], [-146.368375, 61.08778], [-146.368993, 61.088372], [-146.369795, 61.089155], [-146.370864, 61.089574], [-146.372056, 61.089838], [-146.375258, 61.090052], [-146.376785, 61.089992], [-146.378339, 61.089934], [-146.380134, 61.090187], [-146.3813, 61.09008], [-146.381696, 61.089742], [-146.381279, 61.089485], [-146.380658, 61.089055], [-146.38015, 61.088865], [-146.37967, 61.088757], [-146.37707, 61.088784], [-146.375123, 61.088703], [-146.371894, 61.088659], [-146.370729, 61.088559], [-146.370164, 61.088293], [-146.369836, 61.08805], [-146.369781, 61.087786], [-146.370103, 61.087579], [-146.370316, 61.087544], [-146.37063, 61.087536], [-146.371846, 61.087568], [-146.373197, 61.087341], [-146.375299, 61.086722], [-146.376059, 61.086304], [-146.376384, 61.086126], [-146.376925, 61.085823], [-146.377614, 61.0857], [-146.378634, 61.085526], [-146.381628, 61.085575], [-146.38351, 61.085701], [-146.38378, 61.085729], [-146.385034, 61.085878], [-146.38623, 61.085866], [-146.386774, 61.085787], [-146.388479, 61.085544], [-146.390031, 61.08582], [-146.391328, 61.085973], [-146.391481, 61.08589], [-146.393928, 61.085919], [-146.396078, 61.085964], [-146.39656, 61.085948], [-146.396857, 61.085923], [-146.397209, 61.085924], [-146.397654, 61.085935], [-146.398283, 61.085983], [-146.399394, 61.086114], [-146.401618, 61.086169], [-146.402081, 61.086144], [-146.402601, 61.086101], [-146.404051, 61.085919], [-146.404514, 61.085948], [-146.404884, 61.086004], [-146.406196, 61.086207], [-146.406733, 61.086245], [-146.4069, 61.086264], [-146.40766, 61.086276], [-146.409828, 61.086339], [-146.412108, 61.086359], [-146.412794, 61.086353], [-146.413629, 61.086338], [-146.413759, 61.086339], [-146.415224, 61.086291], [-146.415893, 61.086249], [-146.416858, 61.086173], [-146.417434, 61.086121], [-146.418549, 61.085956], [-146.419982, 61.085665], [-146.420522, 61.085542], [-146.421007, 61.085392], [-146.421493, 61.085169], [-146.421868, 61.084946], [-146.422187, 61.084732], [-146.422636, 61.084492], [-146.423381, 61.08428], [-146.423809, 61.084227], [-146.424552, 61.084159], [-146.426966, 61.083936], [-146.427337, 61.083937], [-146.427689, 61.08393], [-146.428931, 61.083944], [-146.429395, 61.083937], [-146.429747, 61.083956], [-146.430043, 61.083958], [-146.431026, 61.083926], [-146.431324, 61.083855], [-146.431511, 61.083766], [-146.431963, 61.083391], [-146.432132, 61.083266], [-146.432225, 61.083222], [-146.433097, 61.083208], [-146.4333, 61.083217], [-146.435241, 61.083558], [-146.435962, 61.083686], [-146.436315, 61.083643], [-146.436576, 61.083536], [-146.436876, 61.083394], [-146.43793, 61.082474], [-146.438231, 61.082259], [-146.4384, 61.082098], [-146.438609, 61.081821], [-146.439117, 61.081401], [-146.43934, 61.081357], [-146.439711, 61.08135], [-146.440081, 61.081378], [-146.442046, 61.081396], [-146.442381, 61.081316], [-146.442698, 61.081201], [-146.442941, 61.081121], [-146.443425, 61.080988], [-146.443797, 61.0809], [-146.44441, 61.08084], [-146.444967, 61.080797], [-146.445505, 61.080799], [-146.448544, 61.080875], [-146.448841, 61.080849], [-146.449268, 61.080761], [-146.449307, 61.080671], [-146.449274, 61.080447], [-146.449516, 61.080394], [-146.450424, 61.080398], [-146.452739, 61.080506], [-146.453054, 61.080516], [-146.45446, 61.080692], [-146.45496, 61.080748], [-146.457664, 61.080885], [-146.457981, 61.080806], [-146.458632, 61.080602], [-146.45868, 61.080594], [-146.458687, 61.080616], [-146.458701, 61.080776], [-146.458683, 61.080936], [-146.458631, 61.081095], [-146.458548, 61.08125], [-146.458434, 61.081401], [-146.458289, 61.081546], [-146.458116, 61.081683], [-146.457915, 61.081811], [-146.457689, 61.081929], [-146.45744, 61.082036], [-146.457171, 61.082131], [-146.456884, 61.082213], [-146.456581, 61.08228], [-146.456266, 61.082333], [-146.455942, 61.082371], [-146.455611, 61.082394], [-146.455278, 61.082401], [-146.454944, 61.082392], [-146.454604, 61.082374], [-146.454187, 61.082341], [-146.453688, 61.082285], [-146.453602, 61.082274], [-146.452505, 61.082137], [-146.45241, 61.082133]]]}, "properties": {"rule": "5 AAC 24.350(3)(X) Allison/Sawmill \u2014 200yd shore", "yards": 200, "kind": "shore"}}, {"type": "Feature", "geometry": {"type": "MultiPolygon", "coordinates": [[[[-147.019004, 60.300084], [-147.018696, 60.300872], [-147.018233, 60.301641], [-147.017619, 60.302384], [-147.01686, 60.303094], [-147.015964, 60.303764], [-147.014938, 60.304388], [-147.013793, 60.304958], [-147.01254, 60.305471], [-147.011191, 60.305921], [-147.009759, 60.306304], [-147.008257, 60.306615], [-147.006701, 60.306853], [-147.005105, 60.307014], [-147.003485, 60.307098], [-147.001855, 60.307103], [-147.000233, 60.307029], [-146.998633, 60.306877], [-146.997071, 60.306649], [-146.995562, 60.306346], [-146.99412, 60.305972], [-146.99276, 60.30553], [-146.991494, 60.305025], [-146.990593, 60.304586], [-146.990311, 60.304618], [-146.990133, 60.304661], [-146.989242, 60.304945], [-146.987833, 60.305306], [-146.98636, 60.305599], [-146.985944, 60.30567], [-146.984429, 60.305891], [-146.984061, 60.305927], [-146.983285, 60.306197], [-146.982354, 60.306487], [-146.981841, 60.307096], [-146.981026, 60.307903], [-146.979994, 60.308785], [-146.97974, 60.308973], [-146.978692, 60.309668], [-146.97842, 60.30983], [-146.977077, 60.310539], [-146.976751, 60.310692], [-146.975831, 60.311092], [-146.974853, 60.311458], [-146.97449, 60.311583], [-146.9735, 60.311901], [-146.972595, 60.312169], [-146.971051, 60.31273], [-146.970292, 60.312989], [-146.969152, 60.313357], [-146.967238, 60.313889], [-146.966025, 60.314175], [-146.964834, 60.314421], [-146.96473, 60.314475], [-146.964404, 60.314627], [-146.963191, 60.315143], [-146.961883, 60.315599], [-146.960492, 60.31599], [-146.95903, 60.316314], [-146.958197, 60.316475], [-146.956779, 60.316714], [-146.956345, 60.316776], [-146.956132, 60.3168], [-146.956028, 60.316832], [-146.954499, 60.317209], [-146.954083, 60.317298], [-146.952374, 60.317612], [-146.950606, 60.317832], [-146.948799, 60.317954], [-146.948364, 60.317972], [-146.946344, 60.317993], [-146.944333, 60.317894], [-146.94388, 60.317857], [-146.94225, 60.317685], [-146.940664, 60.317433], [-146.939712, 60.317228], [-146.939323, 60.317274], [-146.937746, 60.317379], [-146.936155, 60.31741], [-146.934566, 60.317365], [-146.932993, 60.317246], [-146.932541, 60.317201], [-146.931741, 60.317097], [-146.931524, 60.317101], [-146.931071, 60.317101], [-146.92906, 60.317041], [-146.928608, 60.317014], [-146.926929, 60.31687], [-146.925572, 60.316681], [-146.925186, 60.316722], [-146.923294, 60.316811], [-146.922841, 60.31682], [-146.921184, 60.31681], [-146.919536, 60.31672], [-146.919083, 60.316683], [-146.917024, 60.316452], [-146.91659, 60.316388], [-146.915179, 60.316148], [-146.913819, 60.315846], [-146.912519, 60.315485], [-146.91129, 60.315068], [-146.910928, 60.314933], [-146.909535, 60.314351], [-146.90828, 60.313698], [-146.908172, 60.313635], [-146.908037, 60.313556], [-146.907341, 60.313141], [-146.907307, 60.31312], [-146.906063, 60.312536], [-146.90486, 60.311826], [-146.904589, 60.311646], [-146.903674, 60.310972], [-146.902899, 60.310257], [-146.902271, 60.309508], [-146.901798, 60.308732], [-146.901713, 60.308563], [-146.901113, 60.307984], [-146.900932, 60.307786], [-146.900355, 60.307063], [-146.899919, 60.306315], [-146.899629, 60.305551], [-146.899504, 60.305102], [-146.89936, 60.3043], [-146.899325, 60.303851], [-146.89932, 60.303308], [-146.89933, 60.303129], [-146.899329, 60.303127], [-146.898943, 60.302399], [-146.898694, 60.301657], [-146.89864, 60.301432], [-146.898528, 60.300615], [-146.898583, 60.299797], [-146.898746, 60.299196], [-146.898721, 60.299156], [-146.898381, 60.298312], [-146.898222, 60.297455], [-146.898248, 60.296594], [-146.898457, 60.295739], [-146.89853, 60.295533], [-146.898872, 60.294778], [-146.899358, 60.294043], [-146.899982, 60.293333], [-146.900068, 60.293247], [-146.900043, 60.293203], [-146.899765, 60.292345], [-146.899674, 60.291477], [-146.899675, 60.291261], [-146.899777, 60.290366], [-146.900054, 60.28955], [-146.900284, 60.288756], [-146.900682, 60.288023], [-146.900683, 60.287675], [-146.900851, 60.286861], [-146.901183, 60.28606], [-146.901675, 60.285279], [-146.902324, 60.284527], [-146.903122, 60.28381], [-146.903357, 60.283621], [-146.904371, 60.282899], [-146.905536, 60.282235], [-146.90684, 60.281635], [-146.908266, 60.281109], [-146.908646, 60.280983], [-146.909919, 60.280603], [-146.911108, 60.280317], [-146.911872, 60.279582], [-146.912783, 60.278889], [-146.913831, 60.278245], [-146.914434, 60.277942], [-146.914576, 60.277819], [-146.914829, 60.277621], [-146.915609, 60.277067], [-146.916479, 60.276546], [-146.917434, 60.276062], [-146.917759, 60.27591], [-146.919094, 60.275349], [-146.920102, 60.275009], [-146.920837, 60.274398], [-146.921937, 60.273678], [-146.923192, 60.273022], [-146.923518, 60.272869], [-146.924899, 60.27229], [-146.92608, 60.271895], [-146.92611, 60.271875], [-146.926315, 60.271655], [-146.927018, 60.271044], [-146.927508, 60.270658], [-146.928436, 60.27], [-146.929491, 60.26939], [-146.929798, 60.269229], [-146.931156, 60.268594], [-146.931939, 60.268303], [-146.932823, 60.267807], [-146.934232, 60.26712], [-146.934414, 60.266976], [-146.935405, 60.266339], [-146.936518, 60.265754], [-146.937742, 60.265225], [-146.939065, 60.264758], [-146.940474, 60.264357], [-146.941957, 60.264026], [-146.943498, 60.263768], [-146.945082, 60.263586], [-146.946696, 60.263481], [-146.948322, 60.263455], [-146.949946, 60.263508], [-146.951551, 60.263638], [-146.952885, 60.263815], [-146.952888, 60.263821], [-146.952851, 60.26427], [-146.95276, 60.264485], [-146.952615, 60.264701], [-146.951927, 60.265284], [-146.951366, 60.265634], [-146.950426, 60.266109], [-146.950154, 60.266289], [-146.949937, 60.266477], [-146.949466, 60.267114], [-146.949267, 60.267545], [-146.94847, 60.268353], [-146.948434, 60.268568], [-146.948524, 60.268793], [-146.949047, 60.269413], [-146.949083, 60.269637], [-146.948974, 60.269852], [-146.948793, 60.270059], [-146.948522, 60.270238], [-146.947888, 60.270579], [-146.947707, 60.270767], [-146.947743, 60.270974], [-146.948086, 60.271405], [-146.94805, 60.27163], [-146.947868, 60.271836], [-146.947633, 60.272025], [-146.947343, 60.272195], [-146.946728, 60.272527], [-146.944484, 60.273621], [-146.943652, 60.274159], [-146.943362, 60.27432], [-146.943018, 60.274455], [-146.941879, 60.274831], [-146.941571, 60.274992], [-146.941082, 60.275378], [-146.940919, 60.275576], [-146.940828, 60.275791], [-146.940755, 60.276249], [-146.940682, 60.276464], [-146.940375, 60.276635], [-146.939181, 60.276948], [-146.938855, 60.277101], [-146.938728, 60.277316], [-146.938727, 60.277541], [-146.938871, 60.277981], [-146.938636, 60.278169], [-146.937948, 60.278456], [-146.937568, 60.278582], [-146.93717, 60.278671], [-146.936736, 60.278734], [-146.936266, 60.278751], [-146.93538, 60.278724], [-146.934946, 60.278795], [-146.93462, 60.278948], [-146.934203, 60.279343], [-146.93404, 60.279549], [-146.933931, 60.279773], [-146.933713, 60.280437], [-146.933568, 60.280644], [-146.933386, 60.280841], [-146.933133, 60.28103], [-146.93259, 60.281397], [-146.932264, 60.281541], [-146.931829, 60.281603], [-146.930039, 60.281728], [-146.929586, 60.281773], [-146.92917, 60.281844], [-146.928844, 60.281996], [-146.928591, 60.282194], [-146.927793, 60.283235], [-146.927449, 60.283378], [-146.926599, 60.283566], [-146.926237, 60.283673], [-146.926182, 60.283898], [-146.926507, 60.284311], [-146.926434, 60.284536], [-146.925654, 60.285343], [-146.925636, 60.285559], [-146.926014, 60.286205], [-146.926068, 60.28643], [-146.925923, 60.286636], [-146.925742, 60.286843], [-146.925324, 60.287238], [-146.924871, 60.287623], [-146.924528, 60.287776], [-146.924093, 60.287766], [-146.923189, 60.287712], [-146.922773, 60.287792], [-146.922465, 60.287962], [-146.922284, 60.288169], [-146.921939, 60.288312], [-146.921487, 60.28833], [-146.921053, 60.288276], [-146.919987, 60.287862], [-146.919589, 60.287745], [-146.919173, 60.287664], [-146.91901, 60.287655], [-146.918721, 60.287645], [-146.918287, 60.28769], [-146.917871, 60.287779], [-146.91749, 60.287905], [-146.917255, 60.288093], [-146.91749, 60.288282], [-146.918267, 60.288525], [-146.91861, 60.28866], [-146.918827, 60.288857], [-146.918989, 60.289064], [-146.919043, 60.289289], [-146.918825, 60.289477], [-146.917921, 60.289567], [-146.917522, 60.289665], [-146.917178, 60.289808], [-146.916888, 60.289979], [-146.916689, 60.290176], [-146.916543, 60.290391], [-146.916471, 60.290831], [-146.91627, 60.291271], [-146.91627, 60.291487], [-146.916414, 60.291702], [-146.916721, 60.291864], [-146.917914, 60.292179], [-146.918167, 60.292368], [-146.918293, 60.292583], [-146.918239, 60.292799], [-146.917876, 60.293212], [-146.917821, 60.293436], [-146.91791, 60.294325], [-146.918017, 60.29455], [-146.918071, 60.294765], [-146.917872, 60.294963], [-146.915752, 60.296128], [-146.915498, 60.296317], [-146.914882, 60.296936], [-146.914809, 60.297142], [-146.914989, 60.297322], [-146.915622, 60.297673], [-146.915802, 60.297888], [-146.91591, 60.298104], [-146.915982, 60.298319], [-146.915999, 60.298769], [-146.915943, 60.299442], [-146.915852, 60.299657], [-146.915254, 60.300258], [-146.915126, 60.300474], [-146.91518, 60.300698], [-146.915703, 60.301318], [-146.915848, 60.301534], [-146.915938, 60.301749], [-146.915959, 60.30193], [-146.915991, 60.302189], [-146.915915, 60.303536], [-146.91595, 60.303985], [-146.916076, 60.304434], [-146.916256, 60.304632], [-146.916546, 60.304794], [-146.917558, 60.305253], [-146.917765, 60.305462], [-146.917901, 60.305665], [-146.917851, 60.306149], [-146.917809, 60.306554], [-146.917917, 60.30677], [-146.918188, 60.30695], [-146.919219, 60.307382], [-146.92015, 60.307938], [-146.920846, 60.308352], [-146.920954, 60.308415], [-146.921316, 60.30855], [-146.92175, 60.308614], [-146.922202, 60.30865], [-146.922655, 60.308641], [-146.92347, 60.30848], [-146.925117, 60.308105], [-146.925552, 60.308051], [-146.926023, 60.308024], [-146.926457, 60.308043], [-146.927326, 60.30816], [-146.928176, 60.308313], [-146.929769, 60.308727], [-146.930184, 60.308826], [-146.930619, 60.308898], [-146.931071, 60.308926], [-146.931524, 60.308926], [-146.932846, 60.30881], [-146.933751, 60.308802], [-146.934203, 60.308846], [-146.934619, 60.30891], [-146.93585, 60.309189], [-146.936302, 60.309234], [-146.936718, 60.309154], [-146.93835, 60.307817], [-146.938495, 60.307745], [-146.938658, 60.307655], [-146.93902, 60.307512], [-146.939383, 60.307386], [-146.939781, 60.307279], [-146.940215, 60.307207], [-146.94065, 60.307163], [-146.941555, 60.307118], [-146.942008, 60.307146], [-146.943365, 60.307407], [-146.943672, 60.30747], [-146.944559, 60.307551], [-146.945047, 60.307929], [-146.945246, 60.308126], [-146.945896, 60.309195], [-146.946293, 60.309608], [-146.946547, 60.309788], [-146.946999, 60.309824], [-146.947433, 60.309806], [-146.94785, 60.309717], [-146.949082, 60.309062], [-146.949444, 60.308937], [-146.949897, 60.308883], [-146.951236, 60.308964], [-146.951254, 60.308955], [-146.951689, 60.308928], [-146.952123, 60.308866], [-146.952956, 60.308705], [-146.953282, 60.308552], [-146.953735, 60.308167], [-146.954152, 60.308068], [-146.954767, 60.307745], [-146.95513, 60.307611], [-146.955908, 60.307377], [-146.956723, 60.30718], [-146.958841, 60.306804], [-146.960054, 60.306518], [-146.961195, 60.30615], [-146.963367, 60.305361], [-146.964942, 60.304894], [-146.965305, 60.304769], [-146.965631, 60.304616], [-146.965902, 60.304455], [-146.966156, 60.304266], [-146.966971, 60.303459], [-146.967261, 60.303037], [-146.967551, 60.302382], [-146.967696, 60.302166], [-146.967913, 60.301969], [-146.968384, 60.301592], [-146.968927, 60.301233], [-146.970213, 60.300524], [-146.970684, 60.300488], [-146.9711, 60.300435], [-146.971734, 60.300121], [-146.974412, 60.299287], [-146.974702, 60.299116], [-146.975118, 60.298712], [-146.975354, 60.298533], [-146.975679, 60.298371], [-146.976078, 60.298264], [-146.976512, 60.298228], [-146.977417, 60.29821], [-146.977869, 60.298183], [-146.978303, 60.298112], [-146.979154, 60.29795], [-146.97957, 60.297888], [-146.980475, 60.297951], [-146.980891, 60.297879], [-146.981579, 60.297583], [-146.983226, 60.297234], [-146.983606, 60.297108], [-146.984239, 60.296865], [-146.986754, 60.296642], [-146.987171, 60.296561], [-146.987569, 60.296463], [-146.989505, 60.295888], [-146.989921, 60.295808], [-146.990374, 60.295754], [-146.990808, 60.295754], [-146.992111, 60.295952], [-146.99392, 60.296024], [-146.994807, 60.296096], [-146.996978, 60.296402], [-146.99781, 60.296555], [-146.999457, 60.296923], [-147.000022, 60.297001], [-147.00076, 60.297103], [-147.001158, 60.297211], [-147.002117, 60.297552], [-147.002624, 60.29783], [-147.002768, 60.298063], [-147.002786, 60.298225], [-147.002768, 60.298342], [-147.002677, 60.298485], [-147.002551, 60.298773], [-147.002569, 60.298934], [-147.002804, 60.298961], [-147.003238, 60.298961], [-147.00351, 60.298907], [-147.003708, 60.298718], [-147.004106, 60.298503], [-147.004341, 60.298449], [-147.00454, 60.298359], [-147.004739, 60.298252], [-147.005245, 60.298063], [-147.00557, 60.297973], [-147.006348, 60.297677], [-147.006583, 60.297569], [-147.007053, 60.297344], [-147.007469, 60.297102], [-147.007993, 60.296716], [-147.008065, 60.296599], [-147.008065, 60.296267], [-147.007957, 60.295773], [-147.007993, 60.295109], [-147.008119, 60.294893], [-147.008155, 60.294749], [-147.008245, 60.294588], [-147.008806, 60.294148], [-147.008969, 60.293914], [-147.00924, 60.293645], [-147.00933, 60.293483], [-147.009366, 60.293366], [-147.009348, 60.293286], [-147.009167, 60.293169], [-147.009113, 60.293124], [-147.009131, 60.293079], [-147.009167, 60.293052], [-147.009348, 60.29307], [-147.009492, 60.293097], [-147.009637, 60.29316], [-147.009746, 60.293268], [-147.009854, 60.293465], [-147.009891, 60.293744], [-147.009891, 60.293968], [-147.009873, 60.294282], [-147.009982, 60.294758], [-147.009945, 60.294884], [-147.009891, 60.295018], [-147.009855, 60.295189], [-147.009873, 60.295269], [-147.009964, 60.295341], [-147.010126, 60.295377], [-147.010325, 60.295395], [-147.010506, 60.295386], [-147.010741, 60.295359], [-147.011103, 60.295287], [-147.011717, 60.295144], [-147.012079, 60.295027], [-147.012982, 60.294658], [-147.013489, 60.294452], [-147.014248, 60.294209], [-147.016471, 60.293688], [-147.016743, 60.293553], [-147.017081, 60.293814], [-147.01788, 60.29461], [-147.018498, 60.295443], [-147.018643, 60.295676], [-147.019111, 60.296633], [-147.019342, 60.297612], [-147.01936, 60.297773], [-147.019337, 60.298847], [-147.019319, 60.298964], [-147.019073, 60.299876], [-147.019026, 60.299969], [-147.019004, 60.300084]], [[-146.906145, 60.304504], [-146.906139, 60.304507], [-146.906139, 60.304731], [-146.906193, 60.304956], [-146.906355, 60.305153], [-146.906482, 60.30519], [-146.906609, 60.305171], [-146.906735, 60.305055], [-146.906754, 60.304821], [-146.906697, 60.30465], [-146.90668, 60.304607], [-146.906427, 60.304337], [-146.906145, 60.304504]], [[-146.907543, 60.305355], [-146.907534, 60.305367], [-146.90747, 60.305445], [-146.907762, 60.305536], [-146.907907, 60.305482], [-146.907981, 60.305391], [-146.907949, 60.30537], [-146.907872, 60.305319], [-146.907543, 60.305355]], [[-146.907728, 60.306232], [-146.90751, 60.306357], [-146.907256, 60.306546], [-146.907256, 60.306663], [-146.907382, 60.306762], [-146.907817, 60.30678], [-146.908161, 60.306636], [-146.908144, 60.306412], [-146.907963, 60.306214], [-146.907728, 60.306232]]], [[[-147.016113, 60.293066], [-147.016118, 60.29307], [-147.015857, 60.293122], [-147.015712, 60.293185], [-147.015368, 60.293248], [-147.015188, 60.293248], [-147.014989, 60.293149], [-147.014935, 60.293051], [-147.015115, 60.292871], [-147.01546, 60.292666], [-147.016113, 60.293066]]]]}, "properties": {"rule": "5 AAC 24.350(10)(A) Zaikof Bay \u2014 1000yd SE shore", "yards": 1000, "kind": "shore"}}, {"type": "Feature", "geometry": {"type": "Polygon", "coordinates": [[[-147.304446, 60.07909], [-147.303712, 60.078922], [-147.303014, 60.078718], [-147.30236, 60.078482], [-147.301756, 60.078215], [-147.301208, 60.07792], [-147.300721, 60.0776], [-147.300299, 60.077258], [-147.299947, 60.076897], [-147.299668, 60.07652], [-147.299465, 60.076132], [-147.299339, 60.075735], [-147.299293, 60.075335], [-147.299326, 60.074934], [-147.299438, 60.074537], [-147.299628, 60.074147], [-147.299894, 60.073768], [-147.300234, 60.073404], [-147.300644, 60.073058], [-147.30112, 60.072734], [-147.301658, 60.072434], [-147.302141, 60.07219], [-147.302686, 60.07194], [-147.303273, 60.071714], [-147.303972, 60.07147], [-147.304328, 60.071363], [-147.304372, 60.071308], [-147.304672, 60.07101], [-147.304675, 60.070977], [-147.304761, 60.070555], [-147.304846, 60.070254], [-147.304976, 60.069956], [-147.305082, 60.06975], [-147.305356, 60.069319], [-147.305725, 60.068905], [-147.305956, 60.06868], [-147.306386, 60.068311], [-147.306891, 60.067966], [-147.307141, 60.067812], [-147.307682, 60.067512], [-147.308278, 60.06724], [-147.308608, 60.067008], [-147.309169, 60.06669], [-147.309792, 60.066402], [-147.310813, 60.065978], [-147.311259, 60.065805], [-147.311378, 60.065762], [-147.311421, 60.065676], [-147.311641, 60.065304], [-147.311932, 60.064944], [-147.312181, 60.064674], [-147.312561, 60.064311], [-147.3129, 60.064023], [-147.313266, 60.063739], [-147.313678, 60.063471], [-147.314134, 60.063221], [-147.314473, 60.06305], [-147.315008, 60.062802], [-147.315584, 60.06258], [-147.316354, 60.062308], [-147.317318, 60.062016], [-147.319369, 60.061486], [-147.319374, 60.061483], [-147.319995, 60.061259], [-147.320299, 60.06116], [-147.320853, 60.060994], [-147.321283, 60.060876], [-147.322065, 60.060692], [-147.322348, 60.060557], [-147.322353, 60.060555], [-147.322708, 60.060326], [-147.323279, 60.059996], [-147.323917, 60.059698], [-147.324045, 60.05965], [-147.324224, 60.059518], [-147.324483, 60.059346], [-147.324711, 60.059184], [-147.325223, 60.058856], [-147.325474, 60.058711], [-147.325527, 60.058684], [-147.325585, 60.058591], [-147.325796, 60.058296], [-147.326053, 60.058009], [-147.326302, 60.057757], [-147.326657, 60.057435], [-147.326889, 60.057246], [-147.327358, 60.056903], [-147.327894, 60.056586], [-147.328824, 60.05609], [-147.329404, 60.055809], [-147.330055, 60.055523], [-147.330501, 60.055305], [-147.331016, 60.055073], [-147.331606, 60.054829], [-147.332336, 60.054559], [-147.333052, 60.054324], [-147.333196, 60.054278], [-147.333685, 60.054125], [-147.333786, 60.054059], [-147.334423, 60.053273], [-147.334698, 60.052901], [-147.335029, 60.052516], [-147.335438, 60.052149], [-147.335777, 60.051879], [-147.336028, 60.051691], [-147.336385, 60.051438], [-147.336797, 60.051171], [-147.337253, 60.050921], [-147.338218, 60.050434], [-147.338328, 60.050384], [-147.338454, 60.050243], [-147.338774, 60.049946], [-147.33919, 60.049602], [-147.339672, 60.04928], [-147.340216, 60.048983], [-147.340815, 60.048714], [-147.341465, 60.048475], [-147.342158, 60.048269], [-147.342889, 60.048098], [-147.34365, 60.047963], [-147.344435, 60.047866], [-147.345234, 60.047807], [-147.346042, 60.047787], [-147.346849, 60.047807], [-147.347648, 60.047867], [-147.348432, 60.047964], [-147.349193, 60.0481], [-147.349924, 60.048271], [-147.350617, 60.048478], [-147.35091, 60.048586], [-147.350711, 60.048747], [-147.349453, 60.050483], [-147.349257, 60.05061], [-147.348829, 60.050898], [-147.348507, 60.05107], [-147.348007, 60.051313], [-147.347434, 60.051486], [-147.346789, 60.051667], [-147.346036, 60.051876], [-147.345716, 60.052173], [-147.345539, 60.052415], [-147.345201, 60.052758], [-147.344772, 60.052983], [-147.344379, 60.053182], [-147.344093, 60.053299], [-147.343128, 60.053787], [-147.342771, 60.054039], [-147.342432, 60.054309], [-147.342113, 60.054741], [-147.341208, 60.055857], [-147.340959, 60.056091], [-147.34062, 60.056352], [-147.339906, 60.056821], [-147.339656, 60.056983], [-147.339101, 60.057227], [-147.338493, 60.057453], [-147.337597, 60.057734], [-147.336881, 60.057969], [-147.336291, 60.058213], [-147.335683, 60.058511], [-147.33486, 60.058872], [-147.33393, 60.059369], [-147.333699, 60.059558], [-147.33345, 60.05981], [-147.333308, 60.060035], [-147.333202, 60.060268], [-147.333115, 60.060565], [-147.332884, 60.060754], [-147.332491, 60.061007], [-147.331722, 60.061377], [-147.331471, 60.061521], [-147.331168, 60.061737], [-147.330829, 60.061963], [-147.330597, 60.062197], [-147.330258, 60.062422], [-147.329829, 60.062621], [-147.329238, 60.062819], [-147.32872, 60.063153], [-147.328327, 60.063396], [-147.327737, 60.06365], [-147.326914, 60.064083], [-147.326574, 60.064191], [-147.326233, 60.064282], [-147.325749, 60.064391], [-147.325265, 60.064455], [-147.324835, 60.064573], [-147.32453, 60.064672], [-147.324155, 60.064853], [-147.323581, 60.065007], [-147.321126, 60.065641], [-147.320355, 60.065913], [-147.320016, 60.066084], [-147.319677, 60.066372], [-147.319428, 60.066643], [-147.319252, 60.067002], [-147.318808, 60.067623], [-147.31847, 60.068037], [-147.318042, 60.068397], [-147.317702, 60.068595], [-147.317505, 60.068667], [-147.317111, 60.068749], [-147.316108, 60.069111], [-147.315087, 60.069535], [-147.314606, 60.069914], [-147.314355, 60.070085], [-147.31398, 60.070239], [-147.31355, 60.070383], [-147.313299, 60.070537], [-147.313068, 60.070762], [-147.312962, 60.070968], [-147.312875, 60.07139], [-147.312878, 60.071651], [-147.312862, 60.07192], [-147.3124, 60.072505], [-147.312061, 60.072829], [-147.311901, 60.072973], [-147.311777, 60.073215], [-147.311725, 60.073413], [-147.311511, 60.073629], [-147.310957, 60.073945], [-147.310421, 60.074243], [-147.309721, 60.074513], [-147.309113, 60.074712], [-147.308718, 60.074812], [-147.308019, 60.075057], [-147.307536, 60.0753], [-147.307269, 60.075525], [-147.307449, 60.075668], [-147.307703, 60.07591], [-147.307614, 60.076027], [-147.307274, 60.076199], [-147.306916, 60.076397], [-147.306595, 60.07664], [-147.306346, 60.076955], [-147.306046, 60.077638], [-147.305904, 60.077854], [-147.305709, 60.078096], [-147.305368, 60.078223], [-147.305083, 60.07843], [-147.305016, 60.079005], [-147.304938, 60.079175], [-147.304446, 60.07909]]]}, "properties": {"rule": "5 AAC 24.350(10)(G) Montague Strait NW shore \u2014 500yd seg1", "yards": 500, "kind": "shore"}}, {"type": "Feature", "geometry": {"type": "Polygon", "coordinates": [[[-147.362116, 60.040858], [-147.361354, 60.040726], [-147.360621, 60.040557], [-147.359925, 60.040353], [-147.359273, 60.040116], [-147.35867, 60.039848], [-147.358124, 60.039553], [-147.357638, 60.039232], [-147.357218, 60.03889], [-147.356867, 60.038528], [-147.35659, 60.038151], [-147.356389, 60.037763], [-147.356265, 60.037366], [-147.35622, 60.036966], [-147.356254, 60.036565], [-147.356367, 60.036168], [-147.356558, 60.035778], [-147.356825, 60.035399], [-147.357189, 60.034955], [-147.358244, 60.033328], [-147.3585, 60.032987], [-147.359298, 60.032051], [-147.359304, 60.032044], [-147.359659, 60.03163], [-147.359757, 60.03152], [-147.360091, 60.031161], [-147.360239, 60.030975], [-147.360342, 60.030853], [-147.360397, 60.03079], [-147.360629, 60.030436], [-147.360982, 60.029989], [-147.361293, 60.029654], [-147.361519, 60.029352], [-147.361626, 60.029217], [-147.361925, 60.028856], [-147.36221, 60.028414], [-147.362414, 60.028043], [-147.362581, 60.027703], [-147.362618, 60.02763], [-147.362847, 60.027199], [-147.363051, 60.02687], [-147.363334, 60.026474], [-147.363338, 60.026469], [-147.363684, 60.025987], [-147.363786, 60.025821], [-147.363874, 60.025652], [-147.363892, 60.025615], [-147.36391, 60.025552], [-147.363946, 60.025438], [-147.364452, 60.023964], [-147.364458, 60.023946], [-147.364597, 60.023551], [-147.364693, 60.023318], [-147.364834, 60.023021], [-147.364941, 60.022819], [-147.36513, 60.022496], [-147.365196, 60.022321], [-147.365492, 60.021762], [-147.365718, 60.021432], [-147.365964, 60.021013], [-147.366022, 60.020907], [-147.366041, 60.020845], [-147.366069, 60.020757], [-147.366173, 60.020451], [-147.366462, 60.01987], [-147.366648, 60.019585], [-147.3668, 60.019336], [-147.367157, 60.018861], [-147.367406, 60.018583], [-147.367727, 60.018215], [-147.368129, 60.017815], [-147.368617, 60.01744], [-147.36892, 60.017232], [-147.369552, 60.01685], [-147.369873, 60.016679], [-147.370369, 60.016434], [-147.370906, 60.016212], [-147.371281, 60.016082], [-147.371341, 60.015504], [-147.371348, 60.015448], [-147.371401, 60.015044], [-147.371412, 60.014731], [-147.371458, 60.014362], [-147.371571, 60.013996], [-147.37175, 60.013638], [-147.371771, 60.013602], [-147.37188, 60.013024], [-147.371911, 60.012885], [-147.372239, 60.011618], [-147.372394, 60.011196], [-147.372764, 60.010423], [-147.373051, 60.009708], [-147.373267, 60.009019], [-147.373425, 60.008636], [-147.373657, 60.008262], [-147.373871, 60.007968], [-147.37389, 60.00792], [-147.374117, 60.00748], [-147.374442, 60.007054], [-147.374619, 60.006856], [-147.374924, 60.00655], [-147.375173, 60.006325], [-147.375674, 60.005927], [-147.375906, 60.005765], [-147.376448, 60.005424], [-147.37706, 60.005115], [-147.377734, 60.004839], [-147.377945, 60.00477], [-147.378132, 60.004603], [-147.378593, 60.004273], [-147.379116, 60.003968], [-147.379696, 60.003689], [-147.380329, 60.00344], [-147.381008, 60.003223], [-147.381727, 60.00304], [-147.382478, 60.002893], [-147.382882, 60.002836], [-147.382883, 60.00284], [-147.382924, 60.003298], [-147.383183, 60.004006], [-147.383279, 60.004608], [-147.383282, 60.004949], [-147.383393, 60.005272], [-147.383467, 60.005478], [-147.383702, 60.005621], [-147.383901, 60.005818], [-147.384498, 60.006238], [-147.384949, 60.006515], [-147.385113, 60.006766], [-147.385046, 60.00726], [-147.3848, 60.007754], [-147.38473, 60.007826], [-147.384551, 60.007863], [-147.384264, 60.007936], [-147.383852, 60.007964], [-147.383619, 60.007965], [-147.382992, 60.00802], [-147.382617, 60.008129], [-147.382385, 60.008291], [-147.382137, 60.008516], [-147.381959, 60.008715], [-147.38182, 60.009065], [-147.381395, 60.00965], [-147.381153, 60.010423], [-147.380803, 60.011294], [-147.3804, 60.01214], [-147.380072, 60.013406], [-147.379953, 60.014035], [-147.379885, 60.014386], [-147.379639, 60.014799], [-147.379625, 60.015212], [-147.379559, 60.015715], [-147.379493, 60.016344], [-147.379463, 60.016829], [-147.379573, 60.017116], [-147.379737, 60.01734], [-147.380278, 60.017599], [-147.381233, 60.017964], [-147.381432, 60.018152], [-147.381469, 60.018304], [-147.381399, 60.018466], [-147.381311, 60.018592], [-147.381169, 60.018736], [-147.380919, 60.018845], [-147.380579, 60.018989], [-147.380384, 60.019134], [-147.380153, 60.019385], [-147.379941, 60.019718], [-147.379889, 60.019853], [-147.379657, 60.019997], [-147.379317, 60.020025], [-147.379029, 60.019981], [-147.378778, 60.01991], [-147.378614, 60.01974], [-147.378128, 60.019571], [-147.377588, 60.019366], [-147.377121, 60.019161], [-147.376331, 60.019325], [-147.375902, 60.019461], [-147.375581, 60.019632], [-147.375278, 60.01984], [-147.374941, 60.020226], [-147.374675, 60.020524], [-147.374499, 60.020812], [-147.374287, 60.021135], [-147.374183, 60.021441], [-147.374079, 60.021791], [-147.374008, 60.021899], [-147.373885, 60.022124], [-147.373568, 60.022664], [-147.373284, 60.023077], [-147.373145, 60.023446], [-147.372845, 60.023959], [-147.372705, 60.024255], [-147.372565, 60.024651], [-147.37206, 60.026124], [-147.371991, 60.026367], [-147.371868, 60.026628], [-147.371709, 60.026934], [-147.371498, 60.027276], [-147.371091, 60.027842], [-147.370808, 60.028238], [-147.370579, 60.02867], [-147.370386, 60.029065], [-147.370104, 60.029578], [-147.369662, 60.030262], [-147.369236, 60.030775], [-147.3689, 60.031224], [-147.368457, 60.031702], [-147.368103, 60.032241], [-147.36789, 60.032484], [-147.36766, 60.032772], [-147.367234, 60.033231], [-147.366879, 60.033645], [-147.366081, 60.034581], [-147.364932, 60.036353], [-147.364453, 60.036938], [-147.364296, 60.037316], [-147.36412, 60.037729], [-147.364017, 60.038116], [-147.36377, 60.038619], [-147.363438, 60.039428], [-147.363278, 60.03968], [-147.363084, 60.039995], [-147.36273, 60.040427], [-147.362445, 60.04067], [-147.362144, 60.040862], [-147.362116, 60.040858]]]}, "properties": {"rule": "5 AAC 24.350(10)(G) Montague Strait NW shore \u2014 500yd seg2", "yards": 500, "kind": "shore"}}]}